"","ID","MonitoringLocationIdentifier"
"1",1,"MEDEP_WQX-64513"
"2",52,"MEDEP_WQX-80286"
"3",69,"MEDEP_WQX-64340"
"4",72,"MEDEP_WQX-109991"
"5",73,"MEDEP_WQX-110051"
"6",75,"MEDEP_WQX-81148"
"7",75,"MEDEP_WQX-58786"
"8",76,"MEDEP_WQX-102428"
"9",77,"MEDEP_WQX-110050"
"10",78,"MEDEP_WQX-110049"
"11",80,"MEDEP_WQX-110048"
"12",82,"MEDEP_WQX-110047"
"13",83,"MEDEP_WQX-59647"
"14",83,"MEDEP_WQX-101446"
"15",83,"MEDEP_WQX-81111"
"16",88,"MEDEP_WQX-81149"
"17",88,"MEDEP_WQX-59644"
"18",88,"MEDEP_WQX-110046"
"19",95,"MEDEP_WQX-110044"
"20",95,"MEDEP_WQX-110045"
"21",112,"MEDEP_WQX-81283"
"22",113,"MEDEP_WQX-64304"
"23",182,"MEDEP_WQX-64530"
"24",216,"USGS-01015000"
"25",219,"MEDEP_WQX-64339"
"26",236,"MEDEP_WQX-71369"
"27",237,"MEDEP_WQX-71370"
"28",238,"MEDEP_WQX-71372"
"29",273,"MEDEP_WQX-71368"
"30",305,"MEDEP_WQX-71333"
"31",322,"MEDEP_WQX-64538"
"32",365,"MEDEP_WQX-71335"
"33",367,"MEDEP_WQX-71339"
"34",381,"MEDEP_WQX-64403"
"35",384,"MEDEP_WQX-57817"
"36",384,"MEDEP_WQX-64310"
"37",384,"MEDEP_WQX-64701"
"38",391,"MEDEP_WQX-64305"
"39",391,"MEDEP_WQX-57739"
"40",394,"MEDEP_WQX-60370"
"41",394,"MEDEP_WQX-64543"
"42",410,"MEDEP_WQX-71362"
"43",412,"MEDEP_WQX-71360"
"44",414,"MEDEP_WQX-71357"
"45",418,"MEDEP_WQX-71344"
"46",422,"MEDEP_WQX-71352"
"47",430,"MEDEP_WQX-71348"
"48",432,"MEDEP_WQX-71346"
"49",453,"MEDEP_WQX-71343"
"50",460,"USGS-01036390"
"51",456,"MEDEP_WQX-71364"
"52",458,"MEDEP_WQX-59703"
"53",468,"MEDEP_WQX-71340"
"54",531,"MEDEP_WQX-64553"
"55",535,"USGS-01049265"
"56",539,"MEDEP_WQX-80618"
"57",541,"MEDEP_WQX-64327"
"58",541,"MEDEP_WQX-58466"
"59",541,"MEDEP_WQX-80617"
"60",556,"MEDEP_WQX-58338"
"61",579,"MEDEP_WQX-64347"
"62",585,"MEDEP_WQX-64447"
"63",585,"MEDEP_WQX-64448"
"64",599,"MEDEP_WQX-64441"
"65",599,"MEDEP_WQX-64413"
"66",599,"MEDEP_WQX-59576"
"67",621,"MEDEP_WQX-64442"
"68",621,"MEDEP_WQX-64826"
"69",621,"USGS-01047820"
"70",657,"MEDEP_WQX-87295"
"71",658,"MEDEP_WQX-87298"
"72",664,"MEDEP_WQX-87299"
"73",663,"MEDEP_WQX-87300"
"74",681,"MEDEP_WQX-58960"
"75",692,"MEDEP_WQX-87296"
"76",707,"USGS-01059400"
"77",707,"MEDEP_WQX-87045"
"78",708,"MEDEP_WQX-87046"
"79",711,"MEDEP_WQX-87305"
"80",713,"MEDEP_WQX-87306"
"81",752,"USGS-01021050"
"82",765,"MEDEP_WQX-78855"
"83",768,"MEDEP_WQX-78866"
"84",777,"MEDEP_WQX-78853"
"85",849,"USGS-01066000"
"86",917,"USGS-01100000"
"87",976,"USGS-01129500"
"88",1000,"USGS-01138500"
"89",1011,"USGS-01131500"
"90",1044,"USGS-01144500"
"91",1106,"USGS-01167305"
"92",1109,"USGS-01161280"
"93",1124,"USGS-01170490"
"94",1125,"USGS-01170006"
"95",1138,"USGS-01168160"
"96",1194,"USGS-01127000"
"97",1196,"USGS-01126720"
"98",1203,"USGS-01126113"
"99",1203,"USGS-01126111"
"100",1204,"USGS-01126111"
"101",1211,"USGS-01126890"
"102",1215,"USGS-011230695"
"103",1221,"USGS-01122610"
"104",1245,"USGS-01205500"
"105",1268,"USGS-01198550"
"106",1274,"USGS-01200600"
"107",1275,"21MSWQ_WQX-113A23"
"108",1302,"21NYDECA_WQX-11040247"
"109",1318,"USGS-01312000"
"110",1319,"USGS-01311951"
"111",1379,"21NYDECA_WQX-11010215"
"112",1401,"21NYDECA_WQX-11010157"
"113",1401,"USGS-01335770"
"114",1402,"USGS-01325010"
"115",1418,"USGS-01354083"
"116",1425,"USGS-01349530"
"117",1439,"USGS-01348065"
"118",1459,"USGS-01342702"
"119",1462,"USGS-01341140"
"120",1465,"USGS-01336510"
"121",1477,"21NYDECA_WQX-12010001"
"122",1487,"USGS-01346000"
"123",1498,"USGS-01336523"
"124",1537,"USGS-01371500"
"125",1864,"USGS-01503000"
"126",1864,"42SRBCWQ_WQX-SUSQ340.0-4275"
"127",1867,"21PA_WQX-WQN0306"
"128",1867,"USGS-01502771"
"129",1869,"42SRBCWQ_WQX-SUSQ345.0-4175"
"130",1870,"21PA_WQX-GB5"
"131",1870,"21PA_WQX-GB4"
"132",1870,"21PA_WQX-GB6"
"133",1870,"21PA_WQX-GB3"
"134",1873,"42SRBCWQ_WQX-SUSQ356.0-4175A"
"135",1874,"42SRBCWQ_WQX-SUSQ356.0-4175B"
"136",1874,"42SRBCWQ_WQX-SUSQ353.0-4175"
"137",1883,"42SRBCWQ_WQX-SUSQ383.0-4275"
"138",1884,"42SRBCWQ_WQX-SUSQ384.0-4275"
"139",1889,"42SRBCWQ_WQX-SUSQ395.5-4275"
"140",1890,"USGS-01500500"
"141",1892,"42SRBCWQ_WQX-SUSQ406.0-4275"
"142",1906,"42SRBCWQ_WQX-SUSQ365.0-4275"
"143",1914,"42SRBCWQ_WQX-SUSQ334.5-4275"
"144",1914,"42SRBCWQ_WQX-SUSQ338.9-4275"
"145",1916,"42SRBCWQ_WQX-SUSQ288.2-00000"
"146",1916,"42SRBCWQ_WQX-SUSQ289.1-4176"
"147",1916,"42SRBCWQ_WQX-SUSQ300.0-4176"
"148",1921,"21NYDECA_WQX-06030006"
"149",1930,"42SRBCWQ_WQX-SUSQ327.0-4276"
"150",1944,"42SRBCWQ_WQX-SUSQ202.3-00000"
"151",1948,"21PA_WQX-FALLS3"
"152",1948,"21PA_WQX-FALLS5"
"153",1948,"21PA_WQX-FALLS4"
"154",1949,"42SRBCWQ_WQX-SUSQ209.1-4175"
"155",1949,"21PA_WQX-WQN0323"
"156",1949,"USGS-01534090"
"157",1959,"42SRBCWQ_WQX-SUSQ228.0-4176"
"158",1962,"42SRBCWQ_WQX-SUSQ231.8-4176"
"159",1963,"21PA_WQX-MESH3"
"160",1963,"21PA_WQX-MESH6"
"161",1963,"42SRBCWQ_WQX-SUSQ234.0-4176"
"162",1980,"21PA_WQX-TOWANDA4"
"163",1980,"42SRBCWQ_WQX-SUSQ273.0-4176"
"164",1996,"21PA_WQX-DAN6"
"165",1996,"21PA_WQX-DAN4"
"166",1998,"42SRBCWQ_WQX-SUSQ138.0-4076"
"167",2007,"42SRBCWQ_WQX-SUSQ149.0-4076"
"168",2011,"21PA_WQX-BER5"
"169",2011,"21PA_WQX-BER4"
"170",2013,"21PA_WQX-SHICK4"
"171",2013,"21PA_WQX-SHICK2"
"172",2013,"42SRBCWQ_WQX-SUSQ174.0-4176"
"173",2021,"21PA_WQX-WQN0302"
"174",2021,"42SRBCWQ_WQX-SUSQ192.0-4175"
"175",2021,"21PA_WQX-WILKES3"
"176",2023,"42SRBCWQ_WQX-SUSQ126.3-4076"
"177",2028,"42SRBCWQ_WQX-SUSQ134.5-4076"
"178",2031,"21PA_WQX-UPSINM_WB2"
"179",2031,"21PA_WQX-UPSINM_WB3"
"180",2031,"21PA_WQX-UPSINM_WB4"
"181",2031,"21PA_WQX-UPSINM_WB5"
"182",2043,"21PA_WQX-KAR8"
"183",2043,"21PA_WQX-KAR7"
"184",2043,"21PA_WQX-KAR6"
"185",2043,"21PA_WQX-KAR5"
"186",2043,"21PA_WQX-KAR4"
"187",2043,"21PA_WQX-KAR3"
"188",2043,"21PA_WQX-KAR2"
"189",2043,"21PA_WQX-WQN0404"
"190",2050,"21PA_WQX-COUDLEY4"
"191",2050,"42SRBCWQ_WQX-WBSR148.9-4178"
"192",2057,"21PA_WQX-SHAWDWS5"
"193",2057,"21PA_WQX-SHAWDWS2"
"194",2057,"21PA_WQX-SHAWDWS4"
"195",2059,"21PA_WQX-SHAWUPS4"
"196",2059,"21PA_WQX-SHAWUPS3"
"197",2059,"21PA_WQX-SHAWUPS2"
"198",2061,"42SRBCWQ_WQX-WBSR172.3-4178"
"199",2063,"42SRBCWQ_WQX-WBSR175.0-4178"
"200",2066,"21PA_WQX-WQN0422"
"201",2066,"USGS-01541500"
"202",2088,"42SRBCWQ_WQX-WBSR110.0-4177"
"203",2105,"42SRBCWQ_WQX-WBSR085.0-4177"
"204",2105,"21PA_WQX-NBWB2"
"205",2105,"21PA_WQX-NBWB3"
"206",2105,"21PA_WQX-NBWB4"
"207",2107,"42SRBCWQ_WQX-WBSR091.0-4177"
"208",2116,"21PA_WQX-DWSINN_WB4"
"209",2116,"21PA_WQX-DWSINN_WB2"
"210",2123,"21PA_WQX-MIL3"
"211",2123,"21PA_WQX-MIL2.5"
"212",2123,"21PA_WQX-MIL2"
"213",2141,"21PA_WQX-WQN0402"
"214",2141,"21PA_WQX-BILLDAM7"
"215",2141,"21PA_WQX-BILLDAM4"
"216",2141,"21PA_WQX-BILLDAM3"
"217",2149,"21PA_WQX-WQN0448"
"218",2149,"21PA_WQX-JS7"
"219",2151,"42SRBCWQ_WQX-WBSR000.0-4076"
"220",2155,"21PA_WQX-CI6"
"221",2161,"21PA_WQX-BI8"
"222",2170,"42SRBCWQ_WQX-SUSQ122.0-4076"
"223",2170,"21PA_WQX-WQN0203"
"224",2171,"21PA_WQX-CF7"
"225",2173,"42SRBCWQ_WQX-JUNR094.0-4078"
"226",2177,"42SRBCWQ_WQX-FRNK000.2-4078"
"227",2178,"21PA_WQX-FRANKSTOWNCA"
"228",2181,"42SRBCWQ_WQX-RAYS042.8-4078"
"229",2182,"21PA_WQX-WQN0223"
"230",2182,"USGS-01562000"
"231",2185,"42SRBCWQ_WQX-RAYS054.8-4078"
"232",2188,"42SRBCWQ_WQX-RAYS080.5-4078"
"233",2194,"21PA_WQX-RAYSTOWN"
"234",2195,"42SRBCWQ_WQX-RAYS004.6-4077"
"235",2224,"21PA_WQX-JUNAMITY"
"236",2226,"42SRBCWQ_WQX-JUNR002.0-4077"
"237",2232,"21PA_WQX-NEW11.5"
"238",2232,"21PA_WQX-NEW4"
"239",2232,"21PA_WQX-WQN0214"
"240",2232,"21PA_WQX-JUNNEW6"
"241",2235,"42SRBCWQ_WQX-JUNR017.3-4077"
"242",2236,"21PA_WQX-THOM5"
"243",2240,"42SRBCWQ_WQX-JUNR034.0-4077"
"244",2243,"21PA_WQX-LTOWN8"
"245",2247,"42SRBCWQ_WQX-JUNR047.0-4077"
"246",2251,"42SRBCWQ_WQX-JUNR063.6-4077"
"247",2251,"21PA_WQX-JUNMCVEY4"
"248",2256,"21PA_WQX-JUNVINEYARD4"
"249",2258,"21PA_WQX-NHAM6"
"250",2259,"21PA_WQX-NEWTHAM"
"251",2262,"42SRBCWQ_WQX-JUNR074.0-4077"
"252",2263,"42SRBCWQ_WQX-JUNR084.6-4077"
"253",2263,"21PA_WQX-JUNMAPLE3"
"254",2266,"21PA_WQX-JUNPOINT2"
"255",2266,"21PA_WQX-JUNPOINT6"
"256",2279,"42SRBCWQ_WQX-SUSQ077.0-4076"
"257",2287,"42SRBCWQ_WQX-SUSQ057.0-4076"
"258",2303,"MDE_FIELDSERVICES_WQX-XKG9795"
"259",2307,"21PA_WQX-WQN0201"
"260",2317,"MDE_FIELDSERVICES_WQX-XLG1670"
"261",2320,"MDE_FIELDSERVICES_WQX-XLG3360"
"262",2320,"MDE_FIELDSERVICES_WQX-XLG4657"
"263",2322,"MDE_FIELDSERVICES_WQX-XLG5847"
"264",2324,"MDE_FIELDSERVICES_WQX-XLG7036"
"265",2326,"21PA_WQX-WQN0232"
"266",2343,"MDE_FIELDSERVICES_WQX-POT2766"
"267",2369,"MDE_FIELDSERVICES_WQX-POT2386"
"268",2386,"MDE_FIELDSERVICES_WQX-POT1830"
"269",2386,"USGS-01618000"
"270",2404,"USGS-0163062888"
"271",2412,"MDE_FIELDSERVICES_WQX-SFF0519"
"272",2412,"USGS-01629500"
"273",2429,"USGS-01628903"
"274",2435,"USGS-01631000"
"275",2435,"MDE_FIELDSERVICES_WQX-SFF0035"
"276",2443,"USGS-01636500"
"277",2467,"USGS-01646580"
"278",2516,"USGS-01647595"
"279",2698,"USGS-02024752"
"280",2730,"USGS-02037618"
"281",2842,"USGS-02041650"
"282",2971,"USGS-02067000"
"283",3030,"USGS-02075500"
"284",3114,"USGS-0208114150"
"285",3131,"USGS-0208113400"
"286",3134,"USGS-0208109425"
"287",3172,"USGS-02084000"
"288",3224,"USGS-02087570"
"289",3233,"USGS-02087500"
"290",3239,"USGS-02087396"
"291",3242,"USGS-02089000"
"292",3253,"USGS-0209181400"
"293",3253,"USGS-02091814"
"294",3297,"USGS-02089500"
"295",3302,"USGS-02089658"
"296",3328,"USGS-02098198"
"297",3331,"USGS-02096960"
"298",3356,"USGS-02102000"
"299",3369,"USGS-0210140200"
"300",3493,"USGS-02105769"
"301",3534,"USGS-02116500"
"302",3649,"21SC60WQ_WQX-PD-337"
"303",3651,"21SC60WQ_WQX-PD-337"
"304",3651,"USGS-02131000"
"305",3657,"21SC60WQ_WQX-RS-02471"
"306",3664,"21SC60WQ_WQX-PD-015"
"307",3686,"21SC60WQ_WQX-PD-076"
"308",3688,"21SC60WQ_WQX-RS-08237"
"309",3691,"USGS-02129000"
"310",3705,"21SC60WQ_WQX-PD-012"
"311",3708,"21SC60WQ_WQX-PD-028"
"312",3712,"21SC60WQ_WQX-RS-13151"
"313",3716,"21SC60WQ_WQX-PD-170"
"314",3732,"21SC60WQ_WQX-MD-137"
"315",3734,"21SC60WQ_WQX-MD-146"
"316",3737,"21SC60WQ_WQX-MD-111"
"317",3738,"21SC60WQ_WQX-MD-138"
"318",3743,"21SC60WQ_WQX-MD-145"
"319",3749,"21SC60WQ_WQX-MD-136"
"320",3750,"21SC60WQ_WQX-MD-110"
"321",3756,"21SC60WQ_WQX-RS-04369"
"322",3770,"21SC60WQ_WQX-RS-06157"
"323",3770,"21SC60WQ_WQX-RS-04377"
"324",3778,"21SC60WQ_WQX-PD-060"
"325",3783,"21SC60WQ_WQX-PD-061"
"326",3783,"USGS-02135200"
"327",3787,"USGS-0214264900"
"328",3790,"USGS-0214264800"
"329",3844,"USGS-0214267200"
"330",3854,"21SC60WQ_WQX-CW-016"
"331",3859,"21SC60WQ_WQX-CW-041"
"332",3867,"21SC60WQ_WQX-CW-014"
"333",3894,"21SC60WQ_WQX-CW-019"
"334",3910,"21SC60WQ_WQX-CW-222"
"335",3914,"21SC60WQ_WQX-CW-206"
"336",3934,"21SC60WQ_WQX-B-044"
"337",3941,"21SC60WQ_WQX-B-042"
"338",3970,"21SC60WQ_WQX-B-236"
"339",3974,"21SC60WQ_WQX-B-047"
"340",3979,"21SC60WQ_WQX-B-351"
"341",3980,"21SC60WQ_WQX-B-046"
"342",3992,"21SC60WQ_WQX-B-337"
"343",3998,"21SC60WQ_WQX-S-298"
"344",3998,"USGS-02169000"
"345",4001,"21SC60WQ_WQX-S-149"
"346",4000,"21SC60WQ_WQX-S-152"
"347",4003,"21SC60WQ_WQX-S-047"
"348",4007,"21SC60WQ_WQX-S-295"
"349",4009,"21SC60WQ_WQX-S-186"
"350",4012,"21SC60WQ_WQX-S-125"
"351",4032,"21SC60WQ_WQX-S-119"
"352",4055,"21SC60WQ_WQX-C-074"
"353",4065,"21SC60WQ_WQX-C-007"
"354",4066,"USGS-02169500"
"355",4103,"21SC60WQ_WQX-ST-001"
"356",4130,"21SC60WQ_WQX-ST-016"
"357",4146,"21SC60WQ_WQX-CSTL-085"
"358",4164,"21SC60WQ_WQX-CSTL-062"
"359",4164,"USGS-02172002"
"360",4177,"21SC60WQ_WQX-RS-13159"
"361",4179,"21SC60WQ_WQX-RS-05584"
"362",4180,"21SC60WQ_WQX-E-015"
"363",4180,"USGS-02175000"
"364",4192,"21SC60WQ_WQX-MD-119"
"365",4234,"21GAEPD_WQX-RV_01_66"
"366",4234,"21SC60WQ_WQX-SV-199"
"367",4234,"USGS-02177000"
"368",4281,"21SC60WQ_WQX-SV-346"
"369",4294,"21GAEPD_WQX-RV_01_25"
"370",4297,"21GAEPD_WQX-RV_01_24"
"371",4297,"USGS-02187303"
"372",4337,"21GAEPD_WQX-RV_01_62"
"373",4341,"21GAEPD_WQX-RV_01_60"
"374",4341,"USGS-02193560"
"375",4365,"USGS-02197375"
"376",4365,"21GAEPD_WQX-RV_01_94"
"377",4373,"21GAEPD_WQX-RV_01_93"
"378",4380,"21SC60WQ_WQX-SV-323"
"379",4380,"USGS-02197000"
"380",4380,"21GAEPD_WQX-RV_01_86"
"381",4380,"USGS-02196993"
"382",4383,"21GAEPD_WQX-RV_01_77"
"383",4382,"21SC60WQ_WQX-SV-251"
"384",4382,"21GAEPD_WQX-RV_01_78"
"385",4383,"USGS-02196670"
"386",4386,"21GAEPD_WQX-RV_01_72"
"387",4392,"USGS-02197065"
"388",4392,"21GAEPD_WQX-RV_01_87"
"389",4396,"21SC60WQ_WQX-SV-366"
"390",4401,"21SC60WQ_WQX-SV-118"
"391",4401,"21GAEPD_WQX-RV_01_96"
"392",4421,"21SC60WQ_WQX-SV-370"
"393",4425,"USGS-02198500"
"394",4427,"21SC60WQ_WQX-SV-355"
"395",4442,"USGS-0219897998"
"396",4448,"21GAEPD_WQX-RV_01_109"
"397",4455,"USGS-02198975"
"398",4472,"21GAEPD_WQX-RV_02_310"
"399",4493,"21GAEPD_WQX-RV_03_503"
"400",4493,"USGS-02218300"
"401",4501,"21GAEPD_WQX-RV_03_502"
"402",4501,"USGS-02218000"
"403",4504,"21GAEPD_WQX-RV_03_591"
"404",4504,"USGS-02217569"
"405",4509,"21GAEPD_WQX-RV_03_539"
"406",4538,"21GAEPD_WQX-RV_03_654"
"407",4538,"USGS-02224500"
"408",4547,"21GAEPD_WQX-RV_03_653"
"409",4547,"USGS-02224310"
"410",4549,"21GAEPD_WQX-RV_03_650"
"411",4551,"21GAEPD_WQX-RV_03_640"
"412",4551,"USGS-02223600"
"413",4554,"21GAEPD_WQX-RV_03_642"
"414",4553,"21GAEPD_WQX-RV_03_643"
"415",4556,"21GAEPD_WQX-RV_03_641"
"416",4563,"21GAEPD_WQX-RV_03_635"
"417",4563,"USGS-02223250"
"418",4574,"21GAEPD_WQX-RV_03_606"
"419",4579,"21GAEPD_WQX-RV_03_603"
"420",4579,"USGS-02223000"
"421",4588,"21GAEPD_WQX-RV_03_636"
"422",4592,"21GAEPD_WQX-RV_03_660"
"423",4612,"21GAEPD_WQX-RV_05_2176"
"424",4612,"USGS-02213700"
"425",4614,"21GAEPD_WQX-RV_05_2165"
"426",4614,"11NPSWRD_WQX-OCMU_FRUS_1"
"427",4614,"USGS-02212940"
"428",4628,"21GAEPD_WQX-RV_05_2240"
"429",4637,"21GAEPD_WQX-RV_05_2094"
"430",4639,"21GAEPD_WQX-RV_05_2167"
"431",4639,"USGS-02212950"
"432",4647,"21GAEPD_WQX-RV_04_854"
"433",4654,"21GAEPD_WQX-RV_05_2223"
"434",4654,"USGS-02215500"
"435",4667,"21GAEPD_WQX-RV_05_2222"
"436",4684,"21GAEPD_WQX-RV_05_2215"
"437",4696,"21GAEPD_WQX-RV_05_2203"
"438",4696,"USGS-02215000"
"439",4708,"21GAEPD_WQX-RV_05_2185"
"440",4740,"21GAEPD_WQX-RV_06_2852"
"441",4740,"USGS-02226160"
"442",4746,"21GAEPD_WQX-RV_06_2853"
"443",4749,"21GAEPD_WQX-RV_06_15207"
"444",4759,"21GAEPD_WQX-RV_06_2840"
"445",4770,"21GAEPD_WQX-RV_06_2834"
"446",4777,"21GAEPD_WQX-RV_06_2846"
"447",4777,"USGS-02226010"
"448",4779,"21GAEPD_WQX-RV_06_2844"
"449",4796,"21GAEPD_WQX-RV_06_2838"
"450",4800,"21GAEPD_WQX-RV_07_3004"
"451",4808,"21GAEPD_WQX-RV_07_16484"
"452",4833,"21GAEPD_WQX-RV_07_16483"
"453",4809,"21GAEPD_WQX-RV_07_16485"
"454",4809,"21GAEPD_WQX-RV_07_16486"
"455",4825,"USGS-02228000"
"456",4825,"21GAEPD_WQX-RV_07_3001"
"457",4833,"21GAEPD_WQX-RV_07_3003"
"458",4834,"21GAEPD_WQX-RV_07_16481"
"459",4834,"21GAEPD_WQX-RV_07_16482"
"460",4835,"21GAEPD_WQX-RV_07_16478"
"461",4835,"21GAEPD_WQX-RV_07_16479"
"462",4841,"21GAEPD_WQX-RV_07_16480"
"463",4856,"21GAEPD_WQX-RV_08_3135"
"464",4856,"21FLA_WQX-19010001"
"465",4868,"21FLA_WQX-G4NE0296"
"466",4880,"21FLSJWM_WQX-448969"
"467",4885,"21GAEPD_WQX-RV_08_3133"
"468",4886,"USGS-292600081405401"
"469",4886,"21FLCEN_WQX-20010167"
"470",4893,"21FLCEN_WQX-20010895"
"471",4893,"21FLVEMD_WQX-SJ21"
"472",4895,"21FLCEN_WQX-20010898"
"473",4895,"21FLVEMD_WQX-SJ18"
"474",4937,"21FLCEN_WQX-20010144"
"475",4896,"21FLCEN_WQX-G2CE0165"
"476",4896,"21FLVEMD_WQX-SJ13"
"477",4897,"21FLCEN_WQX-20010780"
"478",4897,"21FLCEN_WQX-20010781"
"479",4898,"21FLCEN_WQX-20010143"
"480",4898,"21FLSJWM_WQX-71894"
"481",4899,"21FLCEN_WQX-20010003"
"482",4899,"21FLCEN_WQX-20010106"
"483",4899,"21FLCEN_WQX-20010779"
"484",4899,"USGS-02234500"
"485",4905,"21FLCEN_WQX-G3CE0031"
"486",4905,"21FLCEN_WQX-G3CE0015"
"487",4909,"21FLCEN_WQX-G3CE0023"
"488",4910,"21FLCEN_WQX-20010113"
"489",4910,"21FLCEN_WQX-20010859"
"490",4910,"21FLSJWM_WQX-44161"
"491",4913,"21FLCEN_WQX-20011090"
"492",4913,"21FLCEN_WQX-20010107"
"493",4914,"21FLCEN_WQX-20011089"
"494",4914,"21FLCEN_WQX-20011088"
"495",4914,"21FLCEN_WQX-20011087"
"496",4914,"21FLSJWM_WQX-460903"
"497",4915,"21FLCEN_WQX-20010855"
"498",4916,"21FLSJWM_WQX-44183"
"499",4917,"21FLCEN_WQX-20010804"
"500",4917,"21FLCEN_WQX-20010802"
"501",4917,"21FLCEN_WQX-G3CE0017"
"502",4918,"21FLCEN_WQX-20010801"
"503",4919,"21FLSJWM_WQX-44149"
"504",4920,"21FLCEN_WQX-20010838"
"505",4920,"21FLCEN_WQX-20010662"
"506",4920,"21FLCEN_WQX-20010836"
"507",4920,"21FLCEN_WQX-G3CE0018"
"508",4920,"21FLCEN_WQX-20010835"
"509",4921,"21FLSJWM_WQX-44157"
"510",4921,"USGS-02232400"
"511",4923,"21FLCEN_WQX-20011082"
"512",4932,"21FLCEN_WQX-G2CE0164"
"513",4934,"21FLCEN_WQX-G3CE0024"
"514",4934,"21FLSJWM_WQX-465469"
"515",4934,"21FLGW_WQX-3557"
"516",4934,"21FLSJWM_WQX-44195"
"517",4934,"USGS-02232500"
"518",4937,"21FLVEMD_WQX-SJ15"
"519",4938,"21FLCEN_WQX-20011128"
"520",4940,"21FLCEN_WQX-20011067"
"521",4940,"21FLCEN_WQX-20011069"
"522",4941,"21FLCEN_WQX-20010784"
"523",4943,"21FLKWAT_WQX-VOL-STJOHNS-HARNEY-3-1"
"524",4944,"21FLCEN_WQX-20010483"
"525",4945,"21FLCEN_WQX-20011081"
"526",4945,"21FLCEN_WQX-G2CE0202"
"527",4945,"21FLVEMD_WQX-SJ05"
"528",4947,"21FLCEN_WQX-G3CE0030"
"529",4947,"21FLCEN_WQX-20010114"
"530",4949,"21FLCEN_WQX-20030519"
"531",4950,"21FLCEN_WQX-20011071"
"532",4950,"21FLSJWM_WQX-44773"
"533",4950,"21FLSJWM_WQX-44612"
"534",4951,"21FLCEN_WQX-20011076"
"535",4952,"21FLCEN_WQX-20011075"
"536",4952,"21FLVEMD_WQX-SJ26"
"537",4953,"21FLVEMD_WQX-SJ16"
"538",4955,"21FLKWAT_WQX-VOL-STJOHNS-LEMB-2-1"
"539",4958,"21FLCEN_WQX-20010897"
"540",4958,"21FLSJWM_WQX-44607"
"541",4958,"21FLVEMD_WQX-SJ20"
"542",4958,"USGS-02236000"
"543",4960,"21FLCEN_WQX-20010783"
"544",4961,"21FLCEN_WQX-G2CE0188"
"545",4961,"21FLSJWM_WQX-71890"
"546",4961,"21FLCEN_WQX-G2CE0173"
"547",4961,"21FLCEN_WQX-20010911"
"548",4961,"21FLCEN_WQX-G2CE0166"
"549",4994,"21FLSJWM_WQX-45545"
"550",4997,"21FLSJWM_WQX-45737"
"551",5004,"21FLSJWM_WQX-45373"
"552",5011,"USGS-293554081390401"
"553",5029,"21FLSJWM_WQX-45674"
"554",5030,"USGS-292905081403401"
"555",5031,"USGS-293112081404201"
"556",5033,"21FLEECO_WQX-CRNEP_RSAE04063"
"557",5033,"21FLEECO_WQX-CRNEP_RSAE74190"
"558",5035,"21FLEECO_WQX-CRNEP_RSAD65235"
"559",5035,"21FLEECO_WQX-CRNEP_RSAE89929"
"560",5036,"21FLEECO_WQX-CRNEP_RSAE39615"
"561",5036,"21FLEECO_WQX-CRNEP_RSAE77336"
"562",5036,"21FLEECO_WQX-CRNEP_RSAE64796"
"563",5036,"21FLEECO_WQX-CRNEP_RSAE29971"
"564",5036,"21FLEECO_WQX-CRNEP_RSAE74189"
"565",5037,"21FLWQA_WQX-BLOOM156"
"566",5038,"21FLEECO_WQX-CRNEP_RSAD83927"
"567",5039,"USGS-264251081334400"
"568",5040,"USGS-02292795"
"569",5040,"21FLWQA_WQX-BLOOM85"
"570",5042,"21FLEECO_WQX-CRNEP_RSAE80517"
"571",5043,"USGS-02292901"
"572",5043,"USGS-02292900"
"573",5050,"21FLEECO_WQX-CRNEP_RSAE74192"
"574",5047,"21FLEECO_WQX-CRNEP_RSAE21371"
"575",5047,"21FLEECO_WQX-CRNEP_RSAE39618"
"576",5049,"21FLEECO_WQX-CRNEP_RSAE29973"
"577",5049,"21FLEECO_WQX-CRNEP_RSAD70188"
"578",5049,"21FLEECO_WQX-CRNEP_RSBOTAD70189"
"579",5052,"21FLEECO_WQX-CRNEP_RSAE29974"
"580",5056,"21FLSWFD_WQX-23416"
"581",5061,"21FLSWFD_WQX-23419"
"582",5062,"USGS-02312600"
"583",5062,"21FLSWFD_WQX-23505"
"584",5066,"21FLSWFD_WQX-670034"
"585",5067,"21FLKWAT_WQX-SUM-TOWNSEN-1"
"586",5067,"21FLKWAT_WQX-SUM-TOWNSEN-2"
"587",5067,"21FLKWAT_WQX-SUM-TOWNSEN-3"
"588",5072,"21FLSWFD_WQX-23555"
"589",5074,"21FLKWAT_WQX-CIT-WIT-2"
"590",5074,"21FLSWFD_WQX-23409"
"591",5074,"21FLTPA_WQX-G4SW0101"
"592",5074,"21FLSWFD_WQX-23411"
"593",5074,"21FLKWAT_WQX-CIT-WIT-3"
"594",5074,"21FLWQA_WQX-BLOOM115"
"595",5075,"21FLKWAT_WQX-MAR-WI-UNNELLON"
"596",5075,"21FLSWFD_WQX-23414"
"597",5080,"21FLGW_WQX-3513"
"598",5080,"USGS-02313000"
"599",5083,"21FLTPA_WQX-G4SW0045"
"600",5084,"21FLSWFD_WQX-23170"
"601",5084,"21FLSWFD_WQX-23174"
"602",5085,"21FLSWFD_WQX-23515"
"603",5085,"USGS-02312500"
"604",5089,"21FLTLHR_WQX-G1TLHR0035"
"605",5089,"21FLSUW_WQX-127827"
"606",5090,"21FLSUW_WQX-127826"
"607",5092,"21FLWQA_WQX-G1NED0017"
"608",5115,"21FLSUW_WQX-SUW275C1"
"609",5093,"USGS-301259083143700"
"610",5094,"21FLSUW_WQX-127828"
"611",5094,"21FLSUW_WQX-SUW130C1"
"612",5094,"USGS-02320000"
"613",5095,"21FLSUW_WQX-127948"
"614",5095,"21FLGW_WQX-3522"
"615",5098,"USGS-300023082594900"
"616",5099,"USGS-295945082580400"
"617",5100,"21FLSUW_WQX-127886"
"618",5100,"21FLSUW_WQX-SUW120C1"
"619",5101,"USGS-300735083133100"
"620",5102,"USGS-300230083013200"
"621",5103,"21FLSUW_WQX-129897"
"622",5112,"21FLSUW_WQX-SUW160C1"
"623",5112,"21FLSUW_WQX-127802"
"624",5112,"21FLGW_WQX-3519"
"625",5114,"21FLSUW_WQX-127920"
"626",5114,"21FLSUW_WQX-SUW240C1"
"627",5115,"21FLSUW_WQX-132585"
"628",5118,"21FLSUW_WQX-SUW150C1"
"629",5118,"21FLSUW_WQX-127904"
"630",5118,"USGS-294754082551700"
"631",5122,"21FLSUW_WQX-127884"
"632",5122,"21FLGW_WQX-3530"
"633",5142,"21FLLEON_WQX-LCOC3047384407"
"634",5142,"21FLTLHR_WQX-G1TLHR0074"
"635",5144,"21FLWQA_WQX-G1WA0068"
"636",5145,"21FLTLHR_WQX-G1TLHR0071"
"637",5145,"21FLWQA_WQX-G1WA0069"
"638",5154,"21FLLEON_WQX-LCT023038584652"
"639",5159,"21FLGW_WQX-3527"
"640",5178,"USGS-02336000"
"641",5195,"USGS-02332017"
"642",5209,"USGS-02334500"
"643",5210,"USGS-02335830"
"644",5247,"USGS-02339500"
"645",5251,"USGS-02338500"
"646",5273,"USGS-02337170"
"647",5275,"USGS-02337070"
"648",5279,"USGS-02336652"
"649",5284,"USGS-02338000"
"650",5288,"USGS-02337445"
"651",5348,"USGS-02342881"
"652",5382,"USGS-02344040"
"653",5387,"USGS-02344000"
"654",5417,"USGS-02343260"
"655",5432,"USGS-02348060"
"656",5458,"USGS-02345000"
"657",5471,"USGS-02346180"
"658",5501,"USGS-02349605"
"659",5504,"USGS-02350001"
"660",5546,"USGS-02353000"
"661",5559,"USGS-02356000"
"662",5562,"USGS-02352560"
"663",5621,"USGS-02358000"
"664",5627,"USGS-02359170"
"665",5636,"21FLKWAT_WQX-HOL-CBA RIV-9-1"
"666",5699,"21FLGW_WQX-3534"
"667",5699,"21FLKWAT_WQX-WAL-A RIVER-3-1"
"668",5727,"21FLPNS_WQX-32020247"
"669",5699,"USGS-02366500"
"670",5701,"21FLPNS_WQX-30578"
"671",5704,"21FLKWAT_WQX-HOL-CBA RIV-7-1"
"672",5704,"21FLPNS_WQX-G3NW0052"
"673",5712,"21FLGW_WQX-3548"
"674",5722,"21FLKWAT_WQX-HOL-CBA RIV-8-1"
"675",5729,"21FLPNS_WQX-G3NW0129"
"676",5735,"21FLPNS_WQX-G3NW0073"
"677",5807,"21FLBFA_WQX-33020500"
"678",5809,"21FLPNS_WQX-G4NW0006"
"679",5810,"21FLGW_WQX-3541"
"680",5810,"21FLPNS_WQX-G4NW0005"
"681",5817,"21FLGW_WQX-3549"
"682",5817,"USGS-02375500"
"683",5819,"21FLPNS_WQX-G4NW0264"
"684",5822,"21FLPNS_WQX-G4NW0512"
"685",5829,"21FLPNS_WQX-G4NW0404"
"686",5830,"21FLPNS_WQX-G4NW0405"
"687",5837,"21FLPNS_WQX-G4NW0009"
"688",5839,"USGS-02387050"
"689",5842,"USGS-02387000"
"690",5852,"USGS-02385618"
"691",5855,"USGS-02383540"
"692",5862,"USGS-02387770"
"693",5864,"USGS-02387500"
"694",5868,"USGS-02387530"
"695",5872,"USGS-02387650"
"696",5879,"USGS-02388520"
"697",5882,"USGS-02388500"
"698",5889,"USGS-02387670"
"699",5894,"USGS-02395980"
"700",5897,"USGS-02395000"
"701",5901,"USGS-02394550"
"702",5902,"USGS-02392000"
"703",5917,"USGS-02396001"
"704",5920,"USGS-02394980"
"705",5924,"USGS-02394670"
"706",5927,"USGS-02394060"
"707",5927,"USGS-02394020"
"708",5930,"USGS-02394000"
"709",5945,"USGS-02397530"
"710",5952,"USGS-02397005"
"711",5953,"USGS-02397000"
"712",5957,"USGS-02396670"
"713",5958,"USGS-02397100"
"714",6254,"USGS-02420000"
"715",6501,"USGS-02449000"
"716",6633,"USGS-02456500"
"717",6647,"USGS-02455500"
"718",6665,"USGS-02455000"
"719",6878,"USGS-02470500"
"720",6938,"21MSWQ_WQX-PA076"
"721",6966,"21MSWQ_WQX-02478500"
"722",6966,"USGS-02478500"
"723",6981,"USGS-02478300"
"724",6997,"21MSWQ_WQX-PA320"
"725",7017,"USGS-02475000"
"726",7024,"21MSWQ_WQX-02474740"
"727",7037,"21MSWQ_WQX-02473260"
"728",7052,"USGS-02480285"
"729",7061,"USGS-02479330"
"730",7096,"USGS-463925092120601"
"731",7100,"USGS-04024025"
"732",7107,"FONDULAC_WQX-SLRM 40.5"
"733",7108,"FONDULAC_WQX-SLRM 38.5"
"734",7112,"FONDULAC_WQX-SLRM 53"
"735",7114,"FONDULAC_WQX-SLRM 63"
"736",7116,"FONDULAC_WQX-SLRM 67"
"737",7118,"FONDULAC_WQX-SLRM 72"
"738",7121,"FONDULAC_WQX-SLRM 79"
"739",7127,"FONDULAC_WQX-SLRM 51"
"740",7128,"FONDULAC_WQX-SLRM 46.5"
"741",7130,"USGS-464326092084101"
"742",7146,"21MICH_WQX-660038"
"743",7149,"USGS-04040000"
"744",7160,"21MICH_WQX-170141"
"745",7163,"USGS-04045500"
"746",7181,"USGS-04086000"
"747",7181,"WIDNR_WQX-603095"
"748",7188,"WIDNR_WQX-433002"
"749",7190,"USGS-04071765"
"750",7215,"WIDNR_WQX-383001"
"751",7224,"USGS-301141089320300"
"752",7226,"USGS-04069500"
"753",7289,"21MICH_WQX-550038"
"754",7289,"USGS-04067648"
"755",7296,"WIDNR_WQX-383088"
"756",7352,"USGS-04059500"
"757",7380,"WIDNR_WQX-243020"
"758",7380,"USGS-04073500"
"759",7403,"WIDNR_WQX-113070"
"760",7423,"WIDNR_WQX-693035"
"761",7423,"USGS-04079000"
"762",7449,"USGS-04077400"
"763",7451,"USGS-04077100"
"764",7472,"WIDNR_WQX-343033"
"765",7482,"WIDNR_WQX-343057"
"766",7504,"WIDNR_WQX-10037662"
"767",7525,"WIDNR_WQX-053210"
"768",7527,"USGS-04085000"
"769",7539,"USGS-040851385"
"770",7539,"USGS-04085139"
"771",7541,"WIDNR_WQX-713002"
"772",7542,"USGS-04087170"
"773",7543,"USGS-04087000"
"774",7543,"WIDNR_WQX-413640"
"775",7544,"WIDNR_WQX-10037389"
"776",7544,"WIDNR_WQX-413066"
"777",7554,"USGS-04086600"
"778",7554,"WIDNR_WQX-463098"
"779",7555,"WIDNR_WQX-10012501"
"780",7555,"WIDNR_WQX-10012504"
"781",7556,"WIDNR_WQX-10018035"
"782",7558,"WIDNR_WQX-10047699"
"783",7560,"WIDNR_WQX-10008816"
"784",7568,"WIDNR_WQX-10012518"
"785",7572,"WIDNR_WQX-10012505"
"786",7573,"USGS-04102080"
"787",7573,"21MICH_WQX-110628"
"788",7593,"21MICH_WQX-110745"
"789",7594,"USGS-04101500"
"790",7616,"21MICH_WQX-750273"
"791",7644,"21MICH_WQX-030077"
"792",7644,"USGS-04108660"
"793",7647,"USGS-04108500"
"794",7652,"USGS-04108690"
"795",7705,"USGS-04119400"
"796",7705,"21MICH_WQX-700123"
"797",7708,"USGS-04119300"
"798",7739,"21MICH_WQX-340025"
"799",7762,"LRBOI_WQX-M55"
"800",7767,"LRBOI_WQX-BBear"
"801",7768,"LRBOI_WQX-BPine"
"802",7773,"LRBOI_WQX-Suic"
"803",7778,"21MICH_WQX-830228"
"804",7784,"21MICH_WQX-510088"
"805",7784,"USGS-04126010"
"806",7786,"USGS-04126520"
"807",7799,"21MICH_WQX-770073"
"808",7799,"USGS-04057004"
"809",7831,"21MICH_WQX-680072"
"810",7842,"21MICH_WQX-200170"
"811",7844,"USGS-04137500"
"812",7844,"21MICH_WQX-350061"
"813",7860,"USGS-04156100"
"814",7877,"21MICH_WQX-730025"
"815",7900,"21MICH_WQX-730285"
"816",7900,"21MICH_WQX-730135"
"817",7901,"USGS-04157061"
"818",7907,"USGS-04156999"
"819",7908,"USGS-04157005"
"820",7915,"21MICH_WQX-740385"
"821",7916,"21MICH_WQX-740267"
"822",7936,"21MICH_WQX-580046"
"823",7946,"USGS-04176500"
"824",7947,"USGS-04182769"
"825",7951,"USGS-04182000"
"826",7963,"21OHIO_WQX-P06K05"
"827",7968,"21OHIO_WQX-P06S08"
"828",7972,"USGS-04183105"
"829",7976,"USGS-04183000"
"830",7976,"21OHIO_WQX-301929"
"831",7980,"USGS-04182867"
"832",7983,"21OHIO_WQX-P06K06"
"833",7985,"21OHIO_WQX-P06K09"
"834",7987,"USGS-04183500"
"835",7987,"21OHIO_WQX-201868"
"836",7991,"21OHIO_WQX-P06S07"
"837",7997,"21OHIO_WQX-P06K03"
"838",7998,"21OHIO_WQX-500180"
"839",8001,"21OHIO_WQX-500290"
"840",8003,"USGS-04191500"
"841",8029,"USGS-04185935"
"842",8033,"21OHIO_WQX-500110"
"843",8040,"21OHIO_WQX-301740"
"844",8041,"21OHIO_WQX-P11S39"
"845",8044,"21OHIO_WQX-P11K31"
"846",8045,"USGS-412451083513900"
"847",8045,"21OHIO_WQX-P11K33"
"848",8052,"21OHIO_WQX-201851"
"849",8070,"USGS-04192500"
"850",8070,"21OHIO_WQX-201859"
"851",8075,"21OHIO_WQX-S02S20"
"852",8076,"21OHIO_WQX-S02S18"
"853",8077,"21OHIO_WQX-S02P06"
"854",8079,"21OHIO_WQX-S02S14"
"855",8081,"21OHIO_WQX-S02S16"
"856",8081,"21OHIO_WQX-S02S05"
"857",8081,"21OHIO_WQX-S02S03"
"858",8081,"21OHIO_WQX-S02S17"
"859",8082,"21OHIO_WQX-S02P08"
"860",8085,"21OHIO_WQX-U04S18"
"861",8086,"21OHIO_WQX-500890"
"862",8086,"21OHIO_WQX-U04W11"
"863",8088,"21OHIO_WQX-U04T01"
"864",8088,"21OHIO_WQX-U04Q06"
"865",8090,"21OHIO_WQX-U04S25"
"866",8104,"21OHIO_WQX-500820"
"867",8104,"USGS-04198000"
"868",8105,"21OHIO_WQX-U04S23"
"869",8107,"USGS-410150083125701"
"870",8112,"21OHIO_WQX-U04Q01"
"871",8113,"21NYDECA_WQX-01041302B"
"872",8119,"USGS-04213500"
"873",8122,"USGS-04213470"
"874",8127,"USGS-04213453"
"875",8129,"USGS-04213426"
"876",8140,"USGS-04218000"
"877",8146,"USGS-04219501"
"878",8163,"21NYDECA_WQX-04010003"
"879",8163,"USGS-04232006"
"880",8165,"USGS-04231600"
"881",8198,"USGS-04232040"
"882",8211,"21NYDECA_WQX-07011023"
"883",8335,"21NYDECA_WQX-07010005"
"884",8377,"USGS-04260500"
"885",8382,"21NYDECA_WQX-08010001"
"886",8389,"USGS-04263000"
"887",8431,"21NYDECA_WQX-09051001"
"888",8456,"USGS-04265446"
"889",8469,"USGS-04268000"
"890",8474,"21NYDECA_WQX-09031081"
"891",8513,"21NYDECA_WQX-09031003"
"892",8513,"USGS-04268320"
"893",8533,"21NYDECA_WQX-09021009"
"894",8538,"USGS-04269000"
"895",8557,"USGS-04269505"
"896",8590,"21PA_WQX-WARREN3"
"897",8590,"21PA_WQX-WARREN4"
"898",8590,"USGS-03012600"
"899",8590,"21PA_WQX-WARREN6"
"900",8590,"21PA_WQX-WQN0866"
"901",8622,"21NYDECA_WQX-02010023"
"902",8648,"21PA_WQX-EMLENTON4"
"903",8648,"21PA_WQX-EMLENTON5"
"904",8648,"21PA_WQX-EMLENTON3"
"905",8654,"21PA_WQX-WQN0867"
"906",8654,"USGS-03026175"
"907",8663,"21PA_WQX-FRANK4"
"908",8669,"21PA_WQX-ALOIL3"
"909",8683,"21PA_WQX-WHICK2"
"910",8683,"21PA_WQX-WQN0805"
"911",8683,"21PA_WQX-WHICK4"
"912",8694,"21PA_WQX-ALTIDI3"
"913",8695,"21PA_WQX-ALPARK3"
"914",8707,"21PA_WQX-UTICA1"
"915",8707,"21PA_WQX-UTICA5"
"916",8707,"USGS-03024000"
"917",8716,"USGS-03023330"
"918",8716,"21PA_WQX-WQN0846"
"919",8721,"21PA_WQX-FRENCH_SAEG"
"920",8724,"21PA_WQX-WQN0869"
"921",8736,"21PA_WQX-FRENCH5"
"922",8736,"21PA_WQX-WQN0845"
"923",8736,"USGS-03025490"
"924",8743,"21PA_WQX-WQN0843"
"925",8743,"USGS-03030852"
"926",8747,"21PA_WQX-WQN0821"
"927",8747,"USGS-03030515"
"928",8763,"21PA_WQX-WQN0822"
"929",8763,"USGS-03029500"
"930",8785,"21PA_WQX-CLARLOW3"
"931",8797,"21PA_WQX-WQN0884"
"932",8819,"21PA_WQX-WQN0803"
"933",8823,"21PA_WQX-CONESALT3"
"934",8825,"21PA_WQX-CONEMAUGH3"
"935",8825,"21PA_WQX-WQN0810"
"936",8825,"USGS-03044000"
"937",8852,"USGS-03040000"
"938",8894,"USGS-03048500"
"939",8897,"21PA_WQX-KISKIAPOLLO3"
"940",8902,"21PA_WQX-KISKIAVON3"
"941",8913,"USGS-03049652"
"942",8917,"USGS-03049625"
"943",8954,"21PA_WQX-MONOT5_13"
"944",8955,"USGS-03063000"
"945",8980,"21PA_WQX-WQN0701"
"946",8986,"21PA_WQX-WQN0732"
"947",8993,"21PA_WQX-WQN0702"
"948",9003,"21PA_WQX-MONOT5_41"
"949",9009,"21PA_WQX-MONOT5_40"
"950",9019,"21PA_WQX-WQN0739"
"951",9025,"21PA_WQX-MONOT5_78"
"952",9036,"21PA_WQX-BUENA3"
"953",9041,"21PA_WQX-SUT1"
"954",9041,"21PA_WQX-SUT3"
"955",9041,"21PA_WQX-WQN0706"
"956",9041,"21PA_WQX-SUT5"
"957",9041,"21PA_WQX-SUT4"
"958",9041,"USGS-03083500"
"959",9049,"21PA_WQX-YOUGHWHIT3"
"960",9057,"21PA_WQX-YOUG_77"
"961",9059,"21PA_WQX-CONNELL3"
"962",9059,"21PA_WQX-EC004"
"963",9067,"21PA_WQX-YOUGHUP3"
"964",9085,"21PA_WQX-WQN0901"
"965",9085,"USGS-03109670"
"966",9102,"21PA_WQX-WQN0902"
"967",9111,"21PA_WQX-MAHONING3"
"968",9111,"21OHIO_WQX-301182"
"969",9111,"21PA_WQX-WQN0915"
"970",9111,"USGS-03099600"
"971",9113,"21OHIO_WQX-N03S51"
"972",9113,"21PA_WQX-MAHONUP3"
"973",9113,"21OHIO_WQX-N03K01"
"974",9113,"21OHIO_WQX-602300"
"975",9114,"21OHIO_WQX-N03K04"
"976",9114,"21OHIO_WQX-N03W28"
"977",9116,"USGS-410447080371900"
"978",9115,"21OHIO_WQX-602320"
"979",9115,"21OHIO_WQX-N03S18"
"980",9115,"21OHIO_WQX-N03W21"
"981",9116,"21OHIO_WQX-N03S53"
"982",9116,"21OHIO_WQX-N03K17"
"983",9117,"USGS-03098600"
"984",9117,"21OHIO_WQX-N03K18"
"985",9118,"21OHIO_WQX-N03S54"
"986",9117,"21OHIO_WQX-N03W20"
"987",9117,"21OHIO_WQX-301178"
"988",9118,"USGS-03098000"
"989",9118,"21OHIO_WQX-N03S55"
"990",9119,"21OHIO_WQX-N03S56"
"991",9122,"21PA_WQX-MAHONLOW3"
"992",9122,"21OHIO_WQX-301183"
"993",9122,"21OHIO_WQX-301184"
"994",9124,"31ORWUNT_WQX-BR-5.3M"
"995",9124,"21PA_WQX-WQN0905"
"996",9133,"21PA_WQX-WAMPUM3"
"997",9133,"21PA_WQX-WQN0906"
"998",9133,"USGS-03105500"
"999",9150,"USGS-03112510"
"1000",9191,"21OHIO_WQX-C01S18"
"1001",9251,"21OHIO_WQX-R19S14"
"1002",9278,"USGS-03155000"
"1003",9295,"21OHIO_WQX-R10K04"
"1004",9299,"21OHIO_WQX-611790"
"1005",9304,"21OHIO_WQX-R10G02"
"1006",9306,"21OHIO_WQX-R10K10"
"1007",9306,"21OHIO_WQX-R10S16"
"1008",9308,"21OHIO_WQX-611710"
"1009",9309,"21OHIO_WQX-R10S03"
"1010",9310,"21OHIO_WQX-R05S16"
"1011",9310,"21OHIO_WQX-R10S04"
"1012",9310,"21OHIO_WQX-R10S20"
"1013",9313,"21OHIO_WQX-R06P01"
"1014",9322,"21OHIO_WQX-R10S06"
"1015",9324,"21OHIO_WQX-R10K01"
"1016",9324,"21OHIO_WQX-R10K03"
"1017",9324,"21OHIO_WQX-R10W14"
"1018",9326,"21OHIO_WQX-R10S11"
"1019",9330,"21OHIO_WQX-R10S13"
"1020",9334,"21OHIO_WQX-200634"
"1021",9337,"21OHIO_WQX-300284"
"1022",9340,"21OHIO_WQX-200636"
"1023",9343,"21OHIO_WQX-601870"
"1024",9347,"21OHIO_WQX-300285"
"1025",9350,"21OHIO_WQX-300286"
"1026",9366,"31ORWUNT_WQX-MU-5.8M"
"1027",9391,"21OHIO_WQX-601860"
"1028",9394,"21OHIO_WQX-R16S41"
"1029",9416,"21OHIO_WQX-601810"
"1030",9427,"21OHIO_WQX-611740"
"1031",9427,"21OHIO_WQX-R11W01"
"1032",9428,"21OHIO_WQX-R11W04"
"1033",9442,"21OHIO_WQX-601770"
"1034",9445,"21OHIO_WQX-R14P01"
"1035",9635,"USGS-03185400"
"1036",9641,"USGS-375114081041701"
"1037",9648,"USGS-374651080540301"
"1038",9650,"USGS-374513080545501"
"1039",9652,"USGS-374256080533001"
"1040",9811,"21OHIO_WQX-601340"
"1041",9813,"21OHIO_WQX-V07W45"
"1042",9816,"21OHIO_WQX-600900"
"1043",9819,"21OHIO_WQX-600810"
"1044",9821,"21OHIO_WQX-V07W17"
"1045",9823,"21OHIO_WQX-600870"
"1046",9845,"21OHIO_WQX-600840"
"1047",9851,"21OHIO_WQX-301113"
"1048",9855,"21OHIO_WQX-601280"
"1049",9858,"21OHIO_WQX-V03S06"
"1050",9862,"21OHIO_WQX-V03P32"
"1051",9866,"21OHIO_WQX-600910"
"1052",9884,"31ORWUNT_WQX-SC15.0M"
"1053",9884,"21OHIO_WQX-V15K02"
"1054",9890,"21OHIO_WQX-V15S16"
"1055",9895,"21OHIO_WQX-V15K07"
"1056",9895,"21OHIO_WQX-V15P11"
"1057",9898,"21OHIO_WQX-600770"
"1058",9898,"USGS-03234500"
"1059",9904,"21OHIO_WQX-600920"
"1060",9909,"21OHIO_WQX-600940"
"1061",9910,"21OHIO_WQX-V07S58"
"1062",9913,"21OHIO_WQX-V07K01"
"1063",9914,"21OHIO_WQX-600960"
"1064",9915,"21OHIO_WQX-V07S62"
"1065",9923,"21OHIO_WQX-601000"
"1066",9926,"21OHIO_WQX-V13S09"
"1067",9927,"21OHIO_WQX-600760"
"1068",9928,"21OHIO_WQX-V13W01"
"1069",9931,"21OHIO_WQX-301543"
"1070",9932,"21OHIO_WQX-H05K01"
"1071",9933,"21OHIO_WQX-600310"
"1072",9935,"21OHIO_WQX-H05W32"
"1073",9935,"21OHIO_WQX-H05S18"
"1074",9938,"21OHIO_WQX-600080"
"1075",9939,"21OHIO_WQX-H05S02"
"1076",9939,"USGS-395457084095100"
"1077",9941,"21OHIO_WQX-H05S03"
"1078",9941,"21OHIO_WQX-H05S19"
"1079",9942,"21OHIO_WQX-H05S04"
"1080",9943,"21OHIO_WQX-300636"
"1081",9943,"21OHIO_WQX-H05S05"
"1082",9945,"21OHIO_WQX-600090"
"1083",9946,"21OHIO_WQX-H02S01"
"1084",9947,"21OHIO_WQX-H02S19"
"1085",9949,"21OHIO_WQX-201922"
"1086",9950,"21OHIO_WQX-H02W39"
"1087",9951,"21OHIO_WQX-H02W20"
"1088",9953,"21OHIO_WQX-H02W27"
"1089",9954,"21OHIO_WQX-H02P12"
"1090",9959,"21OHIO_WQX-610020"
"1091",9959,"21OHIO_WQX-H01K03"
"1092",9962,"21OHIO_WQX-H01S18"
"1093",9962,"21OHIO_WQX-H01W05"
"1094",9965,"21OHIO_WQX-300708"
"1095",9964,"21OHIO_WQX-H01S20"
"1096",9969,"21OHIO_WQX-610070"
"1097",9971,"21OHIO_WQX-H11W55"
"1098",9974,"21OHIO_WQX-H11W20"
"1099",9975,"21OHIO_WQX-H11S29"
"1100",9976,"USGS-03274600"
"1101",9978,"21OHIO_WQX-H11W54"
"1102",9980,"USGS-03274500"
"1103",9980,"21OHIO_WQX-H11W14"
"1104",9982,"USGS-03274060"
"1105",9982,"21OHIO_WQX-H11W51"
"1106",9983,"21OHIO_WQX-201879"
"1107",9984,"21OHIO_WQX-201883"
"1108",9984,"21OHIO_WQX-H11S31"
"1109",9985,"21OHIO_WQX-600330"
"1110",9985,"21OHIO_WQX-H09W79"
"1111",9986,"21OHIO_WQX-H09K02"
"1112",9986,"21OHIO_WQX-201888"
"1113",9987,"21OHIO_WQX-H09K07"
"1114",9987,"21OHIO_WQX-H09S30"
"1115",9987,"21OHIO_WQX-H09S31"
"1116",9987,"21OHIO_WQX-H09W77"
"1117",9990,"21OHIO_WQX-H09W68"
"1118",9991,"USGS-03271510"
"1119",9991,"USGS-03271500"
"1120",9991,"21OHIO_WQX-H09S13"
"1121",9992,"21OHIO_WQX-600050"
"1122",9992,"21OHIO_WQX-H09S32"
"1123",9993,"21OHIO_WQX-201902"
"1124",9993,"21OHIO_WQX-H09W75"
"1125",9994,"21OHIO_WQX-H09W67"
"1126",9994,"21OHIO_WQX-H09K19"
"1127",9996,"21OHIO_WQX-301633"
"1128",9996,"21OHIO_WQX-H09W73"
"1129",9997,"21OHIO_WQX-H09W56"
"1130",9997,"21OHIO_WQX-H09K16"
"1131",9997,"21OHIO_WQX-H09K15"
"1132",9998,"21OHIO_WQX-H09W02"
"1133",10001,"21OHIO_WQX-H09W28"
"1134",10002,"USGS-03274000"
"1135",10002,"21OHIO_WQX-600270"
"1136",10002,"21OHIO_WQX-H11W47"
"1137",10003,"21OHIO_WQX-201881"
"1138",10004,"21OHIO_WQX-H11K18"
"1139",10004,"21OHIO_WQX-H11W35"
"1140",10004,"USGS-392246084340100"
"1141",10006,"21OHIO_WQX-201886"
"1142",10007,"21OHIO_WQX-610090"
"1143",10008,"21OHIO_WQX-600040"
"1144",10009,"21OHIO_WQX-H09G01"
"1145",10009,"21OHIO_WQX-300940"
"1146",10009,"21OHIO_WQX-H09W78"
"1147",10010,"21OHIO_WQX-H09K04"
"1148",10011,"21OHIO_WQX-600070"
"1149",10012,"21OHIO_WQX-610060"
"1150",10174,"31ORWUNT_WQX-OR502.2M"
"1151",10177,"31ORWUNT_WQX-OR502.2M"
"1152",10193,"USGS-03254520"
"1153",10198,"21KY_WQX-PRI111"
"1154",10199,"USGS-03254000"
"1155",10210,"21KY_WQX-LRW001"
"1156",10210,"31ORWUNT_WQX-LR-4.5M"
"1157",10219,"USGS-03282250"
"1158",10230,"USGS-03282000"
"1159",10236,"21KY_WQX-PRI058"
"1160",10249,"21KY_WQX-PRI066"
"1161",10250,"USGS-03290500"
"1162",10260,"21KY_WQX-KRW042"
"1163",10262,"USGS-03287500"
"1164",10265,"USGS-03287248"
"1165",10279,"USGS-03286500"
"1166",10278,"USGS-03286510"
"1167",10280,"21KY_WQX-PRI067"
"1168",10281,"USGS-03284600"
"1169",10294,"USGS-03284225"
"1170",10309,"USGS-03283815"
"1171",10310,"USGS-03291600"
"1172",10311,"31ORWUNT_WQX-KY4.1M"
"1173",10312,"USGS-03287575"
"1174",10312,"21KY_WQX-PRI114"
"1175",10344,"21KY_WQX-PRI103"
"1176",10373,"21KY_WQX-PRI072"
"1177",10376,"21KY_WQX-PRI055"
"1178",10375,"21KY_WQX-PRI055"
"1179",10429,"USGS-03321230"
"1180",10443,"USGS-03321500"
"1181",10665,"31ORWUNT_WQX-WA32.5M"
"1182",10730,"USGS-03351000"
"1183",10744,"USGS-03348200"
"1184",10747,"USGS-400706085365401"
"1185",10750,"USGS-401109085274200"
"1186",10751,"USGS-400909085195401"
"1187",10761,"USGS-03354000"
"1188",10774,"USGS-383829087142101"
"1189",10777,"USGS-385234087071801"
"1190",10794,"USGS-391219086515701"
"1191",10813,"USGS-03374100"
"1192",10820,"USGS-391233085554201"
"1193",10831,"USGS-385114086063301"
"1194",10837,"USGS-390506085513701"
"1195",10869,"USGS-03373500"
"1196",10881,"USGS-03371500"
"1197",10890,"USGS-383216087063501"
"1198",10902,"21KY_WQX-PRI009"
"1199",10934,"21KY_WQX-PRI007"
"1200",10976,"TDECWR_WQX-TNW000001579"
"1201",11083,"TDECWR_WQX-TNW000001087"
"1202",11137,"USGS-03425000"
"1203",11184,"TDECWR_WQX-TNW000006040"
"1204",11223,"TDECWR_WQX-TNW000002136"
"1205",11238,"USGS-03438500"
"1206",11248,"31ORWUNT_WQX-CR16.0M"
"1207",11525,"USGS-371135089024000"
"1208",11532,"USGS-3711250884950"
"1209",11536,"USGS-370750088404000"
"1210",11551,"USGS-370335088301500"
"1211",11555,"TDECWR_WQX-TNW000005550"
"1212",11555,"TDECWR_WQX-TNW000005548"
"1213",11556,"TDECWR_WQX-TNW000005544"
"1214",11556,"TDECWR_WQX-TNW000005543"
"1215",11580,"TDECWR_WQX-TNW000003017"
"1216",11584,"USGS-03495500"
"1217",11600,"TDECWR_WQX-TNW000003022"
"1218",11602,"TDECWR_WQX-TNW000003041"
"1219",11621,"USGS-03490500"
"1220",11680,"USGS-03453500"
"1221",11696,"USGS-03451500"
"1222",11703,"USGS-0344776625"
"1223",11708,"USGS-03455000"
"1224",11708,"TDECWR_WQX-TNW000002285"
"1225",11715,"TDECWR_WQX-TNW000002287"
"1226",11718,"TDECWR_WQX-TNW000008303"
"1227",11732,"USGS-03470500"
"1228",11736,"TDECWR_WQX-TNW000002272"
"1229",11759,"TDECWR_WQX-TNW000004482"
"1230",11761,"USGS-03467609"
"1231",11767,"TDECWR_WQX-TNW000004491"
"1232",11768,"TDECWR_WQX-TNW000004490"
"1233",11774,"TDECWR_WQX-TNW000004492"
"1234",11782,"TDECWR_WQX-TNW000004494"
"1235",11967,"TDECWR_WQX-TNW000001280"
"1236",11967,"TDECDOE_WQX-CLINC078.7AN"
"1237",12012,"TDECDOE_WQX-CLINC010.0RO"
"1238",12016,"TDECDOE_WQX-CLINC019.7RO"
"1239",12019,"USGS-03535912"
"1240",12032,"TDECDOE_WQX-CLINC017.9RO"
"1241",12039,"TDECDOE_WQX-CLINC052.6AN"
"1242",12040,"TDECDOE_WQX-CLINC048.7AN"
"1243",12046,"TDECDOE_WQX-CLINC035.5AN"
"1244",12123,"TDECWR_WQX-TNW000002976"
"1245",12127,"TDECWR_WQX-TNW000002981"
"1246",12154,"TDECWR_WQX-TNW000002971"
"1247",12155,"TDECWR_WQX-TNW000005440"
"1248",12155,"TDECWR_WQX-TNW000000064"
"1249",12161,"TDECWR_WQX-TNW000002975"
"1250",12170,"TDECWR_WQX-TNW000002983"
"1251",12257,"USGS-03574680"
"1252",12272,"USGS-03575490"
"1253",12315,"TDECWR_WQX-TNW000002168"
"1254",12333,"TDECWR_WQX-TNW000002170"
"1255",12350,"TDECWR_WQX-TNW000002177"
"1256",12380,"TDECWR_WQX-TNW000002166"
"1257",12380,"USGS-03584600"
"1258",12502,"TDECWR_WQX-TNW000001872"
"1259",12525,"TDECWR_WQX-TNW000007830"
"1260",12525,"USGS-03599250"
"1261",12545,"TDECWR_WQX-TNW000001864"
"1262",12550,"TDECWR_WQX-TNW000001865"
"1263",12556,"USGS-03599482"
"1264",12563,"USGS-03603000"
"1265",12573,"TDECWR_WQX-TNW000001861"
"1266",12641,"USGS-03604000"
"1267",12651,"TDECWR_WQX-TNW000000776"
"1268",12721,"USGS-03609750"
"1269",12745,"USGS-05261000"
"1270",12759,"USGS-05227500"
"1271",12765,"USGS-05242300"
"1272",12779,"USGS-05221060"
"1273",12843,"USGS-05288500"
"1274",12845,"USGS-05283500"
"1275",12856,"USGS-05331555"
"1276",12872,"USGS-05314740"
"1277",12881,"USGS-05314560"
"1278",12884,"USIOUX_WQX-MN R 2"
"1279",12884,"USIOUX_WQX-MN R 3"
"1280",12886,"USIOUX_WQX-MN R 1"
"1281",12888,"USIOUX_WQX-MN R 266"
"1282",12902,"USGS-05311000"
"1283",12904,"USGS-05325300"
"1284",12915,"USGS-05325000"
"1285",12915,"USGS-05325050"
"1286",12921,"USGS-05317500"
"1287",12937,"USGS-05316760"
"1288",12948,"USGS-05316685"
"1289",12956,"USGS-05316582"
"1290",12957,"USGS-05316578"
"1291",12957,"USGS-05316580"
"1292",12979,"USGS-05330000"
"1293",12992,"USGS-05326450"
"1294",13013,"USGS-05337082"
"1295",13017,"USGS-05335551"
"1296",13023,"STCROIX_WQX-25"
"1297",13023,"USGS-05333500"
"1298",13023,"WIDNR_WQX-073132"
"1299",13028,"USGS-05331775"
"1300",13039,"USGS-05341510"
"1301",13040,"USGS-0534055950"
"1302",13041,"USGS-0534055210"
"1303",13045,"USGS-05340540"
"1304",13049,"USGS-05340200"
"1305",13049,"USGS-05340250"
"1306",13051,"USGS-05339760"
"1307",13057,"USGS-05339015"
"1308",13058,"USGS-05338650"
"1309",13060,"USGS-05340600"
"1310",13061,"USGS-05340420"
"1311",13065,"USGS-05344490"
"1312",13068,"USGS-05341820"
"1313",13187,"WIDNR_WQX-553003"
"1314",13230,"WIDNR_WQX-553149"
"1315",13287,"WIDNR_WQX-093001"
"1316",13311,"WIDNR_WQX-473008"
"1317",13327,"11NPSWRD_WQX-EFMO_EMTC_MRLD9"
"1318",13410,"USGS-05412500"
"1319",13457,"USGS-05418720"
"1320",13472,"USGS-05418600"
"1321",13477,"USGS-05418500"
"1322",13477,"EPA_R7_WQX-BR18"
"1323",13513,"WIDNR_WQX-353068"
"1324",13574,"WIDNR_WQX-10031139"
"1325",13604,"WIDNR_WQX-573052"
"1326",13687,"WIDNR_WQX-573125"
"1327",13743,"EPA_R7_WQX-BR37"
"1328",13777,"USGS-05421000"
"1329",13844,"USGS-05421740"
"1330",13915,"EPA_R7_WQX-BR39"
"1331",13980,"USGS-05458150"
"1332",13991,"USGS-05457700"
"1333",14003,"USGS-05457520"
"1334",14009,"USGS-05457470"
"1335",14017,"USGS-05457200"
"1336",14020,"USGS-05458500"
"1337",14029,"USGS-05462000"
"1338",14058,"USGS-05458900"
"1339",14063,"USGS-05464420"
"1340",14073,"USGS-05464302"
"1341",14084,"USGS-05464020"
"1342",14095,"USGS-05464480"
"1343",14103,"USGS-0546431750"
"1344",14108,"USGS-05464315"
"1345",14120,"USGS-05463050"
"1346",14127,"USGS-05465000"
"1347",14132,"USGS-05464935"
"1348",14162,"USGS-05464765"
"1349",14211,"USGS-05453100"
"1350",14236,"USGS-05451765"
"1351",14237,"USGS-05451750"
"1352",14249,"USGS-05451490"
"1353",14249,"USGS-05451500"
"1354",14253,"USGS-05451460"
"1355",14271,"EPA_R7_WQX-BR12"
"1356",14289,"USGS-05454500"
"1357",14307,"USGS-05453520"
"1358",14330,"WIDNR_WQX-283220"
"1359",14330,"USGS-05425500"
"1360",14332,"USGS-05426000"
"1361",14368,"WIDNR_WQX-543001"
"1362",14368,"USGS-05430500"
"1363",14484,"USGS-05446500"
"1364",14512,"USGS-05437500"
"1365",14832,"USGS-05501600"
"1366",14890,"USGS-05587550"
"1367",14913,"USGS-05526130"
"1368",14943,"USGS-05525540"
"1369",14969,"USGS-05537000"
"1370",14969,"USGS-05534050"
"1371",14977,"USGS-05532500"
"1372",14982,"USGS-05537980"
"1373",14998,"USGS-05541510"
"1374",15017,"USGS-05550000"
"1375",15025,"USGS-05549500"
"1376",15025,"USGS-05549501"
"1377",15037,"WIDNR_WQX-303066"
"1378",15037,"USGS-05545750"
"1379",15042,"WIDNR_WQX-10053867"
"1380",15043,"WIDNR_WQX-10032437"
"1381",15050,"WIDNR_WQX-10046937"
"1382",15051,"WIDNR_WQX-683096"
"1383",15086,"USGS-05551000"
"1384",15096,"USGS-05553000"
"1385",15101,"USGS-05551540"
"1386",15123,"USGS-05553810"
"1387",15156,"USGS-05555300"
"1388",15163,"USGS-05555000"
"1389",15174,"USGS-05554580"
"1390",15231,"USGS-05586300"
"1391",15236,"USGS-05586100"
"1392",15275,"USGS-07019370"
"1393",15277,"USGS-07010220"
"1394",15294,"USGS-07005500"
"1395",15307,"USGS-07019280"
"1396",15311,"USGS-07019210"
"1397",15319,"USGS-07019000"
"1398",15360,"USGS-07014500"
"1399",15377,"USGS-07019130"
"1400",15441,"EPA_R7_WQX-BR01"
"1401",15450,"USGS-05599500"
"1402",15450,"USGS-05599490"
"1403",15485,"USGS-05595000"
"1404",15528,"21MSWQ_WQX-02486500"
"1405",15634,"USGS-02489500"
"1406",15654,"USGS-02492600"
"1407",15656,"LADEQWPD_WQX-1042"
"1408",15666,"LADEQWPD_WQX-1041"
"1409",15658,"LADEQWPD_WQX-3588"
"1410",15658,"LADEQWPD_WQX-0064"
"1411",15658,"USGS-02492000"
"1412",15667,"LADEQWPD_WQX-0062"
"1413",15687,"LADEQWPD_WQX-3589"
"1414",15687,"LADEQWPD_WQX-3592"
"1415",15709,"LADEQWPD_WQX-3594"
"1416",15702,"LADEQWPD_WQX-0032"
"1417",15704,"LADEQWPD_WQX-0105"
"1418",15783,"USGS-07029180"
"1419",15820,"TDECWR_WQX-TNW000004595"
"1420",15832,"TDECWR_WQX-TNW000004597"
"1421",15843,"TDECWR_WQX-TNW000004599"
"1422",15845,"TDECWR_WQX-TNW000004598"
"1423",15845,"USGS-07026000"
"1424",15847,"USGS-07026040"
"1425",15853,"TDECWR_WQX-TNW000005614"
"1426",15898,"USGS-07265401"
"1427",15928,"ARDEQH2O_WQX-FRA0036"
"1428",15951,"USGS-07047520"
"1429",15988,"ARDEQH2O_WQX-WHI0031"
"1430",15988,"USGS-07077000"
"1431",16013,"USGS-07077830"
"1432",16022,"USGS-07077800"
"1433",16043,"USGS-07265283"
"1434",16103,"USGS-322023090544500"
"1435",16146,"USGS-335946090121100"
"1436",16148,"USGS-340120090113300"
"1437",16162,"USGS-340203090073000"
"1438",16169,"USGS-07281610"
"1439",16182,"USGS-07281600"
"1440",16221,"USGS-07287500"
"1441",16241,"USGS-07287120"
"1442",16245,"USGS-07287163"
"1443",16260,"USGS-332055090165600"
"1444",16260,"USGS-332100090165900"
"1445",16260,"USGS-332104090170200"
"1446",16260,"USGS-332109090170500"
"1447",16260,"USGS-332114090170800"
"1448",16262,"USGS-331754090211300"
"1449",16263,"USGS-331739090212900"
"1450",16263,"USGS-331745090212900"
"1451",16263,"USGS-331748090213100"
"1452",16263,"USGS-331752090211900"
"1453",16265,"USGS-07287300"
"1454",16270,"USGS-07288800"
"1455",16279,"USGS-07288955"
"1456",16292,"USGS-323805090514700"
"1457",16293,"USGS-322804090533900"
"1458",16296,"USGS-323045090484300"
"1459",16327,"ARDEQH2O_WQX-OUA0021"
"1460",16367,"ARDEQH2O_WQX-LOUA016R"
"1461",16371,"USGS-07362000"
"1462",16383,"ARDEQH2O_WQX-OUA0030"
"1463",16388,"ARDEQH2O_WQX-OUA0006"
"1464",16398,"ARDEQH2O_WQX-OUA0023"
"1465",16451,"ARDEQH2O_WQX-OUA0035"
"1466",16500,"ARDEQH2O_WQX-OUA0037"
"1467",16516,"ARDEQH2O_WQX-OUA0008B"
"1468",16535,"LADEQWPD_WQX-0544"
"1469",16538,"USGS-325539092042501"
"1470",16541,"USGS-325725092050401"
"1471",16552,"LADEQWPD_WQX-0013"
"1472",16576,"ARDEQH2O_WQX-OUA0117"
"1473",16614,"USGS-07367640"
"1474",16637,"USGS-07355601"
"1475",16645,"USGS-073556005"
"1476",16645,"USGS-07355603"
"1477",16661,"USGS-07355510"
"1478",16664,"USGS-07355500"
"1479",16675,"USGS-07372200"
"1480",16675,"LADEQWPD_WQX-0428"
"1481",16676,"LADEQWPD_WQX-0801"
"1482",16678,"LADEQWPD_WQX-0812"
"1483",16696,"LADEQWPD_WQX-0089"
"1484",16768,"LADEQWPD_WQX-0796"
"1485",16794,"LADEQWPD_WQX-0159"
"1486",16794,"USGS-07370190"
"1487",16830,"USGS-07289000"
"1488",16844,"21MSWQ_WQX-07290650"
"1489",16868,"USGS-07292500"
"1490",16868,"21MSWQ_WQX-07292500"
"1491",16905,"USGS-07374220"
"1492",16947,"USGS-07381450"
"1493",16947,"LADEQWPD_WQX-0080"
"1494",16949,"USGS-302510091203200"
"1495",16950,"LADEQWPD_WQX-0336"
"1496",16961,"USGS-07381600"
"1497",16996,"LADEQWPD_WQX-1200"
"1498",17006,"LADEQWPD_WQX-0100"
"1499",17017,"LADEQWPD_WQX-0045"
"1500",17017,"USGS-07386935"
"1501",17023,"LADEQWPD_WQX-0677"
"1502",17029,"LADEQWPD_WQX-0678"
"1503",17032,"LADEQWPD_WQX-0001"
"1504",17040,"USGS-07374400"
"1505",17059,"USGS-07374525"
"1506",17065,"USGS-073814675"
"1507",17069,"USGS-295800091125000"
"1508",17091,"USGS-465723096481400"
"1509",17092,"USGS-465721096481200"
"1510",17091,"USGS-465721096481200"
"1511",17092,"USGS-465721096481100"
"1512",17091,"USGS-05054200"
"1513",17091,"USGS-465816096492300"
"1514",17096,"USGS-05054000"
"1515",17096,"USGS-465328096461400"
"1516",17096,"USGS-465328096461200"
"1517",17096,"USGS-465343096463500"
"1518",17098,"USGS-05053800"
"1519",17105,"USGS-470205096485500"
"1520",17106,"USGS-470452096490400"
"1521",17107,"USGS-470344096493700"
"1522",17115,"USGS-05064500"
"1523",17129,"USGS-05062130"
"1524",17139,"USGS-05082500"
"1525",17139,"USGS-05082520"
"1526",17172,"USGS-05079000"
"1527",17213,"USGS-475854097032001"
"1528",17242,"USGS-05092000"
"1529",17301,"USGS-05133500"
"1530",17339,"USGS-06036650"
"1531",17380,"USGS-06037500"
"1532",17383,"USGS-06036905"
"1533",17417,"MDEQ_WQ_WQX-M05LGALR13"
"1534",17418,"USGS-06052500"
"1535",17419,"MDEQ_WQ_WQX-M05LGALR10"
"1536",17419,"MDEQ_WQ_WQX-M05LGALR07"
"1537",17419,"MDEQ_WQ_WQX-M05LGALR06"
"1538",17420,"MDEQ_WQ_WQX-M05LGALR03"
"1539",17421,"MDEQ_WQ_WQX-M05LGALR02"
"1540",17431,"USGS-06057000"
"1541",17435,"USGS-461411111280601"
"1542",17437,"USGS-06054500"
"1543",17438,"USGS-460614111234801"
"1544",17439,"USGS-460230111253101"
"1545",17442,"USGS-455657111283501"
"1546",17445,"USGS-460709111241001"
"1547",17475,"USGS-462107111312301"
"1548",17486,"USGS-06090800"
"1549",17555,"USGS-06089000"
"1550",17557,"MTWTRSHD_WQX-SUN-SUNR51"
"1551",17564,"MTWTRSHD_WQX-SUN-SUNR52"
"1552",17568,"MTWTRSHD_WQX-SUN-SUNR54"
"1553",17568,"USGS-06085800"
"1554",17661,"USGS-06101500"
"1555",17693,"USGS-06108800"
"1556",17735,"USGS-06109500"
"1557",17752,"USGS-06114700"
"1558",17797,"USGS-06115200"
"1559",18023,"USGS-06174500"
"1560",18058,"USGS-06177000"
"1561",18084,"USGS-06132000"
"1562",18104,"USGS-06185500"
"1563",18123,"COEOMAHA_WQX-GARNFMORR2"
"1564",18191,"USGS-06195950"
"1565",18216,"USGS-06191500"
"1566",18223,"USGS-454303110280001"
"1567",18225,"USGS-06192500"
"1568",18244,"USGS-06214500"
"1569",18244,"USGS-454834108273001"
"1570",18248,"USGS-453645108501901"
"1571",18266,"USGS-453959109212101"
"1572",18271,"USGS-454314109380901"
"1573",18275,"USGS-453836108221501"
"1574",18290,"USGS-06205000"
"1575",18323,"USGS-06207500"
"1576",18350,"USGS-06208500"
"1577",18387,"USGS-460826107350401"
"1578",18393,"USGS-455951108073401"
"1579",18383,"USGS-455223108210501"
"1580",18414,"USGS-06220800"
"1581",18430,"USGS-06228000"
"1582",18438,"USGS-06227600"
"1583",18442,"USGS-06236100"
"1584",18448,"USGS-06226100"
"1585",18452,"USGS-06222600"
"1586",18460,"USGS-06259000"
"1587",18461,"USGS-06259050"
"1588",18512,"USGS-06274300"
"1589",18481,"USGS-06268600"
"1590",18488,"USGS-06264700"
"1591",18515,"USGS-06279500"
"1592",18588,"USGS-06294700"
"1593",18617,"USGS-444857106030401"
"1594",18627,"USGS-443927106074401"
"1595",18628,"USGS-06317000"
"1596",18637,"USGS-442538106082001"
"1597",18646,"USGS-441632106071601"
"1598",18649,"USGS-441533106084401"
"1599",18655,"USGS-440919106091401"
"1600",18658,"USGS-440720106083801"
"1601",18661,"USGS-440552106094601"
"1602",18665,"USGS-440152106101801"
"1603",18672,"USGS-435453106104701"
"1604",18692,"USGS-06312500"
"1605",18698,"USGS-06324710"
"1606",18698,"MDEQ_WQ_WQX-Y18PWDRR01"
"1607",18698,"MDEQ_WQ_WQX-Y18PR40"
"1608",18731,"USGS-06324500"
"1609",18731,"MDEQ_WQ_WQX-Y18PR30"
"1610",18738,"USGS-445601105570201"
"1611",18739,"USGS-445537105590401"
"1612",18751,"USGS-06326520"
"1613",18766,"USGS-06326500"
"1614",18766,"MDEQ_WQ_WQX-Y21PR30"
"1615",18770,"MDEQ_WQ_WQX-Y21PWDRR03"
"1616",18798,"USGS-06325650"
"1617",18798,"MDEQ_WQ_WQX-Y21PR10"
"1618",18798,"MDEQ_WQ_WQX-Y21PWDRR04"
"1619",18862,"USGS-06295000"
"1620",18986,"USGS-06329500"
"1621",19186,"11NPSWRD_WQX-THRO_NGPN_L110"
"1622",19273,"USGS-06337000"
"1623",19282,"11NPSWRD_WQX-THRO_NGPN_L310"
"1624",19379,"USGS-06423500"
"1625",19397,"USGS-444121101174001"
"1626",19449,"USGS-06438000"
"1627",19948,"COEOMAHA_WQX-FTRNFWHTR1"
"1628",19948,"USGS-06452000"
"1629",19999,"USGS-06461600"
"1630",20004,"USGS-06461500"
"1631",20004,"11NPSWRD_WQX-NIOB_NGPN_N110"
"1632",20004,"11NPSWRD_WQX-NIOB_NGPN_B110"
"1633",20021,"USGS-06462000"
"1634",20023,"USGS-06460800"
"1635",20079,"USGS-06476000"
"1636",20113,"EPA_R7_WQX-BR13"
"1637",20114,"COEOMAHA_WQX-MORNFJAMR1"
"1638",20118,"USGS-06478513"
"1639",20123,"COEOMAHA_WQX-MORNFJAMR2"
"1640",20138,"USGS-06478500"
"1641",20200,"COEOMAHA_WQX-GPTRRTW1A"
"1642",20204,"COEOMAHA_WQX-MORRR0851A"
"1643",20204,"USGS-06453305"
"1644",20208,"COEOMAHA_WQX-FTRRRTW1A"
"1645",20215,"USGS-423930096423701"
"1646",20270,"USGS-06485500"
"1647",20310,"COEOMAHA_WQX-MORNFBSXR1"
"1648",20320,"USGS-06630000"
"1649",20387,"USGS-06636000"
"1650",20419,"USGS-06635000"
"1651",20441,"USGS-06645000"
"1652",20445,"USGS-06644085"
"1653",20451,"USGS-06643510"
"1654",20454,"USGS-06643500"
"1655",20458,"USGS-06642000"
"1656",20465,"USGS-06641000"
"1657",20504,"USGS-06652800"
"1658",20509,"USGS-06652000"
"1659",20547,"USGS-06686000"
"1660",20553,"USGS-06682505"
"1661",20558,"11NPSWRD_WQX-SCBL_NGPN_P110"
"1662",20563,"USGS-06678500"
"1663",20566,"11NPSWRD_WQX-FOLA_NGPN_P110"
"1664",20582,"USGS-06674500"
"1665",20609,"USGS-06690500"
"1666",20641,"CORIVWCH_WQX-188"
"1667",20641,"USGS-06758500"
"1668",20650,"USGS-402058104245100"
"1669",20650,"CORIVWCH_WQX-5157"
"1670",20654,"CORIVWCH_WQX-117"
"1671",20654,"USGS-401910104483900"
"1672",20654,"MWRD_WQX-Miliken"
"1673",20655,"USGS-401330104505800"
"1674",20656,"MWRD_WQX-SP-RD28"
"1675",20659,"CORIVWCH_WQX-401"
"1676",20659,"MWRD_WQX-SP-FTL"
"1677",20659,"CORIVWCH_WQX-191"
"1678",20661,"MWRD_WQX-SP-RD18"
"1679",20661,"USGS-06721000"
"1680",20662,"MWRD_WQX-SP-RD8"
"1681",20664,"CORIVWCH_WQX-209"
"1682",20664,"MWRD_WQX-SP-160"
"1683",20664,"USGS-395913104495500"
"1684",20665,"USGS-400001104493600"
"1685",20668,"USGS-06720500"
"1686",20668,"MWRD_WQX-SP-124"
"1687",20669,"MWRD_WQX-SP-104"
"1688",20669,"USGS-395306104540600"
"1689",20670,"USGS-395226104544600"
"1690",20672,"CORIVWCH_WQX-213"
"1691",20672,"MWRD_WQX-SP-88"
"1692",20672,"USGS-395116104561300"
"1693",20674,"MWRD_WQX-SP-64"
"1694",20674,"USGS-06714215"
"1695",20674,"USGS-394847104570700"
"1696",20674,"MWRD_WQX-SP-CC"
"1697",20674,"CORIVWCH_WQX-227"
"1698",20674,"USGS-394938104565300"
"1699",20683,"USGS-06756995"
"1700",20683,"USGS-401823104143900"
"1701",20688,"MWRD_WQX-Kersey"
"1702",20688,"CORIVWCH_WQX-189"
"1703",20688,"USGS-06754000"
"1704",20689,"USGS-402238104402500"
"1705",20689,"CORIVWCH_WQX-5115"
"1706",20690,"USGS-402120104430001"
"1707",20691,"USGS-06714130"
"1708",20691,"USGS-394602104590500"
"1709",20691,"CORIVWCH_WQX-190"
"1710",20692,"USGS-06714000"
"1711",20692,"CORIVWCH_WQX-682"
"1712",20697,"CORIVWCH_WQX-400"
"1713",20697,"USGS-06759910"
"1714",20701,"CORIVWCH_WQX-5124"
"1715",20703,"CORIVWCH_WQX-223"
"1716",20703,"CORIVWCH_WQX-5163"
"1717",20705,"MWRD_WQX-Iliff"
"1718",20706,"USGS-404256103072500"
"1719",20708,"CORIVWCH_WQX-226"
"1720",20713,"CORIVWCH_WQX-181"
"1721",20721,"USGS-06760500"
"1722",20721,"MWRD_WQX-Crook"
"1723",20729,"USGS-402722103224100"
"1724",20732,"MWRD_WQX-FtMorgan"
"1725",20732,"CORIVWCH_WQX-187"
"1726",20732,"USGS-06759500"
"1727",20733,"USGS-401702103414600"
"1728",20737,"CORIVWCH_WQX-186"
"1729",20757,"USGS-06764000"
"1730",20796,"USGS-06764880"
"1731",20781,"USGS-410510101531500"
"1732",20794,"USGS-06765500"
"1733",20950,"USGS-06785000"
"1734",21004,"USGS-06784000"
"1735",21024,"USGS-06790500"
"1736",21107,"USGS-06793000"
"1737",21093,"USGS-06791150"
"1738",21137,"USGS-06792000"
"1739",21142,"USGS-06799000"
"1740",21158,"USGS-420444097543301"
"1741",21205,"USGS-06799350"
"1742",21233,"USGS-06800500"
"1743",21248,"COEOMAHA_WQX-MORRR0691A"
"1744",21248,"COEOMAHA_WQX-MORRR0691B"
"1745",21254,"USGS-421410096200401"
"1746",21261,"EPA_R7_WQX-BR29"
"1747",21272,"COEOMAHA_WQX-MORNFLSXR1"
"1748",21273,"EPA_R7_WQX-BR17"
"1749",21274,"USGS-06607500"
"1750",21274,"COEOMAHA_WQX-MORNFLSXR2"
"1751",21342,"COEOMAHA_WQX-MORRR0619A"
"1752",21367,"COEOMAHA_WQX-MORRR0563A"
"1753",21435,"USGS-06810000"
"1754",21435,"COEOMAHA_WQX-MORNFNHBR1"
"1755",21438,"EPA_R7_WQX-BR31"
"1756",21455,"COEOMAHA_WQX-MORRR0498A"
"1757",21455,"21KAN001_WQX-SC235"
"1758",21460,"USGS-401509095314901"
"1759",21472,"USGS-06817000"
"1760",21490,"USGS-06817800"
"1761",21496,"USGS-06817700"
"1762",21571,"USGS-06824500"
"1763",21632,"USGS-06844500"
"1764",21679,"21KAN001_WQX-SC231"
"1765",21679,"21KAN001_WQX-SPB162"
"1766",21695,"USGS-06853000"
"1767",21720,"21KAN001_WQX-SC263"
"1768",21723,"21KAN001_WQX-SC241"
"1769",21726,"21KAN001_WQX-SC504"
"1770",21756,"21KAN001_WQX-SPA217"
"1771",21744,"21KAN001_WQX-SC510"
"1772",21744,"21KAN001_WQX-SPB189"
"1773",21747,"21KAN001_WQX-SC003"
"1774",21750,"21KAN001_WQX-SPB018"
"1775",21759,"21KAN001_WQX-SP910"
"1776",21760,"21KAN001_WQX-SC503"
"1777",21760,"USGS-391809097031100"
"1778",21765,"21KAN001_WQX-SC142"
"1779",21774,"USGS-391734097014100"
"1780",21775,"USGS-391554097015200"
"1781",21775,"USGS-391619097021600"
"1782",21775,"USGS-391559097021300"
"1783",21775,"USGS-391635097021800"
"1784",21781,"USGS-391507097000300"
"1785",21781,"USGS-391515097002200"
"1786",21781,"USGS-391530097003100"
"1787",21783,"USGS-391406097004000"
"1788",21783,"USGS-391418097001500"
"1789",21784,"USGS-391430096595900"
"1790",21785,"USGS-391551097013100"
"1791",21785,"USGS-391554097011100"
"1792",21785,"USGS-391559097004900"
"1793",21785,"USGS-391547097003700"
"1794",21793,"21KAN001_WQX-SPA082"
"1795",21810,"21KAN001_WQX-SC265"
"1796",21810,"USGS-06877600"
"1797",21819,"21KAN001_WQX-SPA249"
"1798",21822,"21KAN001_WQX-SPB601"
"1799",21823,"21KAN001_WQX-SPA025"
"1800",21823,"21KAN001_WQX-SC268"
"1801",21826,"21KAN001_WQX-SC514"
"1802",21828,"21KAN001_WQX-SC264"
"1803",21845,"21KAN001_WQX-SC266"
"1804",21858,"21KAN001_WQX-SC262"
"1805",21858,"21KAN001_WQX-SPA386"
"1806",21858,"USGS-06879820"
"1807",21864,"21KAN001_WQX-SC518"
"1808",21870,"USGS-06889850"
"1809",21874,"USGS-06889750"
"1810",21876,"21KAN001_WQX-SC143"
"1811",21878,"USGS-06888990"
"1812",21879,"21KAN001_WQX-SC258"
"1813",21885,"21KAN001_WQX-SC259"
"1814",21885,"USGS-06888705"
"1815",21896,"21KAN001_WQX-SC260"
"1816",21896,"21KAN001_WQX-SPB032"
"1817",21903,"21KAN001_WQX-SPB488"
"1818",21909,"21KAN001_WQX-SC203"
"1819",21909,"USGS-390552094364301"
"1820",21909,"USGS-06892950"
"1821",21910,"USGS-390515094393500"
"1822",21917,"USGS-06892518"
"1823",21917,"21KAN001_WQX-SC127"
"1824",21918,"USGS-06892505"
"1825",21920,"21KAN001_WQX-SP911"
"1826",21920,"21KAN001_WQX-SC250"
"1827",21926,"USGS-06892380"
"1828",21928,"21KAN001_WQX-SC254"
"1829",21936,"21KAN001_WQX-SC257"
"1830",21941,"21KAN001_WQX-SC256"
"1831",21946,"21KAN001_WQX-SC255"
"1832",21946,"USGS-06891100"
"1833",21961,"USGS-06881500"
"1834",21984,"21KAN001_WQX-SC240"
"1835",21998,"21KAN001_WQX-SC233"
"1836",22003,"USGS-06882000"
"1837",22007,"21KAN001_WQX-SC261"
"1838",22007,"USGS-06887000"
"1839",22027,"21KAN001_WQX-SC741"
"1840",22030,"USGS-06884400"
"1841",22042,"21KAN001_WQX-SC232"
"1842",22042,"USGS-06884025"
"1843",22065,"USGS-06902000"
"1844",22079,"EPA_R7_WQX-BR10"
"1845",22093,"EPA_R7_WQX-BR06"
"1846",22132,"USGS-06905500"
"1847",22302,"USGS-06926510"
"1848",22332,"USGS-06928600"
"1849",22445,"USGS-06930800"
"1850",22501,"USGS-390744094280401"
"1851",22521,"USGS-06895500"
"1852",22525,"USGS-390843094291801"
"1853",22604,"USGS-06937000"
"1854",22611,"USGS-06935972"
"1855",22620,"USGS-383802090444000"
"1856",22644,"USGS-06934500"
"1857",22652,"USGS-06935715"
"1858",22652,"USGS-384022090425700"
"1859",22654,"USGS-07049691"
"1860",22656,"USGS-07048700"
"1861",22656,"ARDEQH2O_WQX-WHI0052"
"1862",22683,"USGS-07053450"
"1863",22727,"USGS-07052500"
"1864",22739,"USGS-365618093230901"
"1865",22739,"11NPSWRD_WQX-WICR_SWTP_18"
"1866",22742,"11NPSWRD_WQX-WICR_WRB_18"
"1867",22744,"11NPSWRD_WQX-WICR_TMDL_4"
"1868",22745,"USGS-07052250"
"1869",22750,"11NPSWRD_WQX-WICR_SWTP_10"
"1870",22750,"USGS-07051600"
"1871",22780,"ARDEQH2O_WQX-WHI0047"
"1872",22859,"ARDEQH2O_WQX-WHI0029"
"1873",22908,"ARDEQH2O_WQX-WHI0046"
"1874",22931,"USGS-07060000"
"1875",22932,"USGS-07058500"
"1876",22936,"USGS-07057500"
"1877",22937,"ARDEQH2O_WQX-WHI0045"
"1878",22972,"ARDEQH2O_WQX-WHI0004"
"1879",22983,"USGS-07068000"
"1880",22992,"USGS-07067800"
"1881",23005,"USGS-07067000"
"1882",23018,"11NPSWRD_WQX-OZAR_NPS_PMAC"
"1883",23018,"11NPSWRD_WQX-OZAR_NPS_PMBC"
"1884",23032,"11NPSWRD_WQX-OZAR_NPS_ROUL"
"1885",23050,"ARDEQH2O_WQX-UWBKR01"
"1886",23054,"USGS-07072500"
"1887",23059,"ARDEQH2O_WQX-WHI0025B"
"1888",23061,"ARDEQH2O_WQX-WHI0025C"
"1889",23062,"ARDEQH2O_WQX-WHI0025"
"1890",23063,"ARDEQH2O_WQX-WHI0025A"
"1891",23099,"USGS-07074500"
"1892",23140,"USGS-07076000"
"1893",23151,"ARDEQH2O_WQX-WHI0059"
"1894",23162,"ARDEQH2O_WQX-ARK0170"
"1895",23187,"CORIVWCH_WQX-34"
"1896",23199,"CORIVWCH_WQX-32"
"1897",23201,"USGS-07096000"
"1898",23202,"USGS-07109500"
"1899",23204,"USGS-07099971"
"1900",23204,"USGS-381510104350601"
"1901",23206,"CORIVWCH_WQX-449"
"1902",23206,"CORIVWCH_WQX-475"
"1903",23206,"USGS-07099500"
"1904",23210,"USGS-07099400"
"1905",23216,"USGS-382331105042101"
"1906",23217,"USGS-382401105070401"
"1907",23217,"USGS-382356105065801"
"1908",23217,"USGS-382356105065401"
"1909",23217,"CORIVWCH_WQX-37"
"1910",23218,"USGS-382608105143801"
"1911",23226,"USGS-07097000"
"1912",23230,"USGS-382449105092601"
"1913",23235,"USGS-382552105114401"
"1914",23235,"USGS-382541105112701"
"1915",23235,"USGS-382541105112601"
"1916",23235,"USGS-382537105112301"
"1917",23235,"USGS-382620105133801"
"1918",23235,"USGS-382620105122301"
"1919",23235,"USGS-382601105115701"
"1920",23235,"USGS-382621105132801"
"1921",23235,"USGS-382622105135801"
"1922",23235,"CORIVWCH_WQX-33"
"1923",23237,"USGS-382522105105301"
"1924",23237,"USGS-382521105104501"
"1925",23238,"USGS-380208103260500"
"1926",23242,"CORIVWCH_WQX-438"
"1927",23242,"USGS-07123000"
"1928",23245,"CORIVWCH_WQX-439"
"1929",23249,"USGS-07120500"
"1930",23249,"CORIVWCH_WQX-441"
"1931",23251,"USGS-07119700"
"1932",23266,"USGS-07117500"
"1933",23282,"USGS-07130500"
"1934",23287,"CORIVWCH_WQX-4845"
"1935",23295,"USGS-07133000"
"1936",23324,"21KAN001_WQX-SC598"
"1937",23341,"21KAN001_WQX-SC223"
"1938",23368,"21KAN001_WQX-SC286"
"1939",23381,"21KAN001_WQX-SC584"
"1940",23411,"21KAN001_WQX-SC594"
"1941",23417,"21KAN001_WQX-SC285"
"1942",23423,"21KAN001_WQX-SPA170"
"1943",23423,"21KAN001_WQX-SC284"
"1944",23428,"21KAN001_WQX-SC587"
"1945",23428,"21KAN001_WQX-SPA458"
"1946",23432,"21KAN001_WQX-SC758"
"1947",23451,"USGS-07143350"
"1948",23439,"21KAN001_WQX-SC283"
"1949",23439,"21KAN001_WQX-SPA059"
"1950",23445,"21KAN001_WQX-SPB131"
"1951",23446,"21KAN001_WQX-SC523"
"1952",23446,"21KAN001_WQX-SP903"
"1953",23453,"21KAN001_WQX-SP902"
"1954",23453,"21KAN001_WQX-SC536"
"1955",23457,"21KAN001_WQX-SPB126"
"1956",23462,"21KAN001_WQX-SC524"
"1957",23469,"21KAN001_WQX-SC218"
"1958",23479,"21KAN001_WQX-SC527"
"1959",23483,"21KAN001_WQX-SC281"
"1960",23486,"21KAN001_WQX-SC729"
"1961",23486,"21KAN001_WQX-SPA335"
"1962",23502,"21KAN001_WQX-SC036"
"1963",23517,"21KAN001_WQX-SPB506"
"1964",23544,"21KAN001_WQX-SP912"
"1965",23548,"21KAN001_WQX-SC280"
"1966",23591,"21KAN001_WQX-SC532"
"1967",23591,"21KAN001_WQX-SPA456"
"1968",23602,"21KAN001_WQX-SC751"
"1969",23608,"21KAN001_WQX-SPA132"
"1970",23622,"21KAN001_WQX-SC106"
"1971",23629,"21KAN001_WQX-SC278"
"1972",23638,"USGS-07156900"
"1973",23638,"21KAN001_WQX-SC222"
"1974",23638,"21KAN001_WQX-SP829"
"1975",23651,"21KAN001_WQX-SC592"
"1976",23660,"21KAN001_WQX-SPB403"
"1977",23662,"USGS-07157580"
"1978",23688,"OKWRB-STREAMS_WQX-620920020010-001RS"
"1979",23695,"OKWRB-STREAMS_WQX-OKPB01-229"
"1980",23699,"OKWRB-STREAMS_WQX-620920020010-002RS"
"1981",23703,"OKWRB-STREAMS_WQX-620920030010-001AT"
"1982",23703,"USGS-07157950"
"1983",23715,"OKWRB-STREAMS_WQX-620910010010-001AT"
"1984",23728,"OKWRB-STREAMS_WQX-620910020010-001AT"
"1985",23740,"OKWRB-STREAMS_WQX-FW08OK089"
"1986",23750,"OKWRB-STREAMS_WQX-620920010010-001AT"
"1987",23766,"SFNOES_WQX-Cimarron 003"
"1988",23776,"SFNOES_WQX-Cimarron River"
"1989",23778,"OKWRB-STREAMS_WQX-FW08OK077"
"1990",23782,"SFNOES_WQX-Cimarron 002"
"1991",23783,"OKWRB-STREAMS_WQX-620900030010-001AT"
"1992",23788,"USGS-07161000"
"1993",23806,"OKWRB-STREAMS_WQX-620900010170-001AT"
"1994",23830,"KAWNATON_WQX-KN-AR-003"
"1995",23831,"KAWNATON_WQX-KN-AR-009"
"1996",23836,"KAWNATON_WQX-KN-AR-010"
"1997",23842,"OKWRB-STREAMS_WQX-621210000010-001AT"
"1998",23842,"KAWNATON_WQX-KN-AR-001"
"1999",23849,"OKWRB-STREAMS_WQX-621010010160-001AT"
"2000",23850,"OKWRB-STREAMS_WQX-621010010160-003RS"
"2001",23855,"OKWRB-STREAMS_WQX-621010010220-001RS"
"2002",23864,"OKWRB-STREAMS_WQX-621010010220-002RS"
"2003",23864,"21KAN001_WQX-SC221"
"2004",23868,"21KAN001_WQX-SC591"
"2005",23879,"21KAN001_WQX-SPB135"
"2006",23895,"OKWRB-STREAMS_WQX-621000010010-001AT"
"2007",23907,"OKWRB-STREAMS_WQX-FW08OK185"
"2008",23927,"OKWRB-STREAMS_WQX-621000010010-002AT"
"2009",23928,"OKWRB-STREAMS_WQX-FW08OK073"
"2010",23941,"OKWRB-STREAMS_WQX-621100000010-002RS"
"2011",23942,"OKWRB-STREAMS_WQX-621100000010-003AT"
"2012",23946,"OKWRB-STREAMS_WQX-621100000010-001AT"
"2013",23952,"OKWRB-STREAMS_WQX-OKR9-0902"
"2014",23960,"21KAN001_WQX-SC219"
"2015",23963,"21KAN001_WQX-SC529"
"2016",23969,"USGS-07151500"
"2017",23983,"21KAN001_WQX-SPB090"
"2018",23985,"21KAN001_WQX-SPB474"
"2019",23991,"21KAN001_WQX-SP803"
"2020",23991,"21KAN001_WQX-SC526"
"2021",24022,"OKWRB-STREAMS_WQX-621200010200-001AT"
"2022",24037,"OKWRB-STREAMS_WQX-FW08OK093"
"2023",24066,"OKWRB-STREAMS_WQX-121510020010-001AT"
"2024",24073,"21KAN001_WQX-SC215"
"2025",24081,"21KAN001_WQX-SC563"
"2026",24083,"21KAN001_WQX-SPA200"
"2027",24087,"21KAN001_WQX-SP810"
"2028",24087,"21KAN001_WQX-SC105"
"2029",24112,"OKWRB-STREAMS_WQX-121510010010-001AT"
"2030",24131,"OKWRB-STREAMS_WQX-121500010200-001AT"
"2031",24142,"USGS-07178620"
"2032",24142,"OKWRB-STREAMS_WQX-121500020260-001AT"
"2033",24150,"OKWRB-STREAMS_WQX-121500030010-001AT"
"2034",24155,"OKWRB-STREAMS_WQX-121300010010-001AT"
"2035",24155,"USGS-07178200"
"2036",24160,"USGS-07177600"
"2037",24161,"USGS-07177500"
"2038",24176,"21KAN001_WQX-SC580"
"2039",24176,"21KAN001_WQX-SPB404"
"2040",24185,"21KAN001_WQX-SC273"
"2041",24185,"21KAN001_WQX-SPB036"
"2042",24185,"21KAN001_WQX-SPB612"
"2043",24195,"21KAN001_WQX-SPA387"
"2044",24195,"21KAN001_WQX-SC274"
"2045",24203,"21KAN001_WQX-SP915"
"2046",24229,"21KAN001_WQX-SC627"
"2047",24238,"21KAN001_WQX-SC098"
"2048",24240,"21KAN001_WQX-SPB436"
"2049",24246,"21KAN001_WQX-SC272"
"2050",24246,"USGS-07182510"
"2051",24253,"21KAN001_WQX-SC560"
"2052",24271,"21KAN001_WQX-SPA211"
"2053",24275,"21KAN001_WQX-SPA116"
"2054",24278,"21KAN001_WQX-SC271"
"2055",24283,"USGS-381421095451600"
"2056",24286,"21KAN001_WQX-SC214"
"2057",24286,"21KAN001_WQX-SPB260"
"2058",24302,"21KAN001_WQX-SPB132"
"2059",24319,"21KAN001_WQX-SC566"
"2060",24334,"OKWRB-STREAMS_WQX-OKRV-2019"
"2061",24337,"OKWRB-STREAMS_WQX-121600040220-001AT"
"2062",24337,"USGS-07185000"
"2063",24339,"WNENVDPT_WQX-WN23"
"2064",24339,"OKWRB-STREAMS_WQX-121600040010-001AT"
"2065",24359,"OKWRB-STREAMS_WQX-121600010010-002SR"
"2066",24359,"OKWRB-STREAMS_WQX-121600010010-001SR"
"2067",24365,"OKWRB-STREAMS_WQX-121600020170-001AT"
"2068",24370,"OKWRB-STREAMS_WQX-121600010280-001AT"
"2069",24402,"USGS-07221500"
"2070",24510,"USGS-07227140"
"2071",24551,"USGS-07227500"
"2072",24601,"USGS-07228000"
"2073",24665,"OKWRB-STREAMS_WQX-520620020010-001AT"
"2074",24666,"OKWRB-STREAMS_WQX-FW08OK085"
"2075",24716,"OKWRB-STREAMS_WQX-OKR9-0901"
"2076",24723,"USGS-07228300"
"2077",24729,"USGS-07228360"
"2078",24747,"OKWRB-STREAMS_WQX-220600010119-001AT"
"2079",24747,"OKWRB-STREAMS_WQX-FW08OK075"
"2080",24759,"OKWRB-STREAMS_WQX-520600010010-001AT"
"2081",24789,"OKWRB-STREAMS_WQX-520610010010-002RS"
"2082",24821,"OKWRB-STREAMS_WQX-520610020150-001AT"
"2083",24847,"USGS-353357098220901"
"2084",24857,"OKWRB-STREAMS_WQX-220300000010-001AT"
"2085",24865,"OKWRB-STREAMS_WQX-220600010119-002AT"
"2086",24920,"USGS-07241000"
"2087",24922,"USGS-07240200"
"2088",24933,"OKCONCOM_WQX-OK520530-00-0010H"
"2089",24933,"OKWRB-STREAMS_WQX-520530000010-001AT"
"2090",24936,"USGS-07239450"
"2091",24946,"OKWRB-STREAMS_WQX-520530000010-002AT"
"2092",24958,"OKWRB-STREAMS_WQX-520500010110-001AT"
"2093",24965,"OKWRB-STREAMS_WQX-520510000010-001AT"
"2094",24967,"OKWRB-STREAMS_WQX-520510000010-003RS"
"2095",24971,"OKWRB-STREAMS_WQX-FW08OK067"
"2096",24971,"OKWRB-STREAMS_WQX-520510000010-005RS"
"2097",24977,"OKWRB-STREAMS_WQX-520510000110-006RS"
"2098",24977,"SFNOES_WQX-North Canadian 003"
"2099",24981,"SFNOES_WQX-North Canadian River"
"2100",24981,"OKWRB-STREAMS_WQX-520510000110-002AT"
"2101",24981,"OKWRB-STREAMS_WQX-520510000110-003RS"
"2102",24986,"OKWRB-STREAMS_WQX-520510000110-001SR"
"2103",24986,"OKWRB-STREAMS_WQX-520510000110-004RS"
"2104",24988,"SFNOES_WQX-North Canadian 002"
"2105",24988,"USGS-07241800"
"2106",24988,"OKWRB-STREAMS_WQX-520510000110-005AT"
"2107",24996,"OKWRB-STREAMS_WQX-520510000110-007RS"
"2108",25006,"USGS-07241520"
"2109",25015,"OKWRB-STREAMS_WQX-520510000110-001AT"
"2110",25015,"USGS-07241550"
"2111",25016,"OKWRB-STREAMS_WQX-FW08OK087"
"2112",25025,"OKWRB-STREAMS_WQX-520510000010-004RS"
"2113",25066,"OKWRB-STREAMS_WQX-120410010080-001AT"
"2114",25083,"OKWRB-STREAMS_WQX-120420010010-002SR"
"2115",25088,"OKWRB-STREAMS_WQX-120420010010-001SR"
"2116",25092,"OKWRB-STREAMS_WQX-120420010130-001AT"
"2117",25109,"OKWRB-STREAMS_WQX-120400010260-002SR"
"2118",25110,"OKWRB-STREAMS_WQX-FW08OK070"
"2119",25112,"OKWRB-STREAMS_WQX-121400010260-001AT"
"2120",25128,"USGS-07198000"
"2121",25132,"USGS-07196520"
"2122",25135,"CHEROKEE_WQX-ILL2"
"2123",25136,"OKWRB-STREAMS_WQX-121700030010-001AT"
"2124",25136,"USGS-07196500"
"2125",25136,"OKWRB-STREAMS_WQX-OKRM-1016"
"2126",25136,"USGS-07196490"
"2127",25138,"OKWRB-STREAMS_WQX-OKIO6594-002"
"2128",25141,"OKWRB-STREAMS_WQX-OKIO6594-066"
"2129",25144,"USGS-07196400"
"2130",25149,"USGS-07196320"
"2131",25151,"USGS-07196260"
"2132",25153,"OKWRB-STREAMS_WQX-OKIO6594-005"
"2133",25153,"USGS-07196190"
"2134",25154,"OKWRB-STREAMS_WQX-OKIO6594-021"
"2135",25156,"CHEROKEE_WQX-ILL1"
"2136",25156,"USGS-07196090"
"2137",25157,"OKWRB-STREAMS_WQX-OKIO6594-057"
"2138",25160,"USGS-07196040"
"2139",25161,"USGS-07195610"
"2140",25161,"CHEROKEE_WQX-FC5"
"2141",25161,"OKWRB-STREAMS_WQX-OKIO6594-009"
"2142",25162,"USGS-07195580"
"2143",25167,"OKWRB-STREAMS_WQX-121700030350-001AT"
"2144",25167,"USGS-07195500"
"2145",25169,"ARDEQH2O_WQX-ARK0006"
"2146",25169,"USGS-07195430"
"2147",25200,"OKWRB-STREAMS_WQX-OKRM-1011"
"2148",25200,"USGS-07249455"
"2149",25200,"OKWRB-STREAMS_WQX-220200010010-001AT"
"2150",25315,"USGS-07263620"
"2151",25356,"OKWRB-STREAMS_WQX-FW08OK220"
"2152",25363,"OKWRB-STREAMS_WQX-311600020010-001AT"
"2153",25396,"USGS-07300000"
"2154",25399,"OKWRB-STREAMS_WQX-311600020010-002AT"
"2155",25399,"USGS-07301110"
"2156",25404,"USGS-07301950"
"2157",25405,"USGS-07301750"
"2158",25408,"OKWRB-STREAMS_WQX-OKPB01-003"
"2159",25414,"OKWRB-STREAMS_WQX-311510010010-001AT"
"2160",25451,"OKWRB-STREAMS_WQX-311500010020-002AT"
"2161",25460,"OKWRB-STREAMS_WQX-311500010020-001AT"
"2162",25460,"USGS-07305000"
"2163",25482,"OKWRB-STREAMS_WQX-OKPB01-099"
"2164",25486,"OKWRB-STREAMS_WQX-311800000010-002AT"
"2165",25492,"OKWRB-STREAMS_WQX-311800000010-001AT"
"2166",25513,"OKWRB-STREAMS_WQX-311800000010-002RS"
"2167",25513,"USGS-07303400"
"2168",25547,"OKWRB-STREAMS_WQX-FW08OK076"
"2169",25558,"OKWRB-STREAMS_WQX-FW08OK083"
"2170",25560,"USGS-07308500"
"2171",25560,"OKWRB-STREAMS_WQX-311310010010-002AT"
"2172",25573,"OKWRB-STREAMS_WQX-311310010010-001AT"
"2173",25622,"USGS-07307800"
"2174",25637,"USGS-07316000"
"2175",25727,"OKWRB-STREAMS_WQX-311100010190-002AT"
"2176",25660,"OKWRB-STREAMS_WQX-OKPB01-010"
"2177",25682,"OKWRB-STREAMS_WQX-311100010190-001AT"
"2178",25682,"USGS-07315500"
"2179",25697,"OKWRB-STREAMS_WQX-311200000010-001AT"
"2180",25716,"USGS-07312500"
"2181",25760,"OKWRB-STREAMS_WQX-310830010010-004RS"
"2182",25764,"OKWRB-STREAMS_WQX-310830010010-001AT"
"2183",25770,"OKWRB-STREAMS_WQX-310830010010-002RS"
"2184",25783,"OKWRB-STREAMS_WQX-310810010010-001AT"
"2185",25804,"OKWRB-STREAMS_WQX-310810020010-001AT"
"2186",25809,"OKWRB-STREAMS_WQX-FW08OK084"
"2187",25827,"OKWRB-STREAMS_WQX-310800020010-001AT"
"2188",25827,"USGS-07331000"
"2189",25861,"OKWRB-STREAMS_WQX-410400010010-001AT"
"2190",25877,"OKWRB-STREAMS_WQX-FW08OK098"
"2191",25903,"USGS-07331600"
"2192",25913,"USGS-07337000"
"2193",25977,"OKWRB-STREAMS_WQX-410200010200-001AT"
"2194",25981,"OKWRB-STREAMS_WQX-410200010200-002AT"
"2195",25994,"USGS-07341301"
"2196",26017,"ARDEQH2O_WQX-RED0002"
"2197",26033,"ARDEQH2O_WQX-RED0009"
"2198",26054,"ARDEQH2O_WQX-RED0045"
"2199",26059,"USGS-07350500"
"2200",26067,"USGS-07344410"
"2201",26072,"LADEQWPD_WQX-0120"
"2202",26080,"USGS-07349990"
"2203",26084,"LADEQWPD_WQX-1185"
"2204",26098,"USGS-07355130"
"2205",26114,"USGS-07351930"
"2206",26118,"USGS-07347950"
"2207",26118,"USGS-07348000"
"2208",26120,"LADEQWPD_WQX-0270"
"2209",26141,"USGS-07346085"
"2210",26196,"USGS-08025360"
"2211",26218,"USGS-08022500"
"2212",26253,"USGS-08026000"
"2213",26272,"USGS-08030500"
"2214",26351,"USGS-08041575"
"2215",26298,"USGS-08041575"
"2216",26346,"USGS-08041000"
"2217",26323,"USGS-08040500"
"2218",26323,"USGS-08040600"
"2219",26336,"USGS-08033500"
"2220",26411,"USGS-08049500"
"2221",26436,"USGS-08053000"
"2222",26450,"USGS-08050500"
"2223",26454,"USGS-08056110"
"2224",26467,"USGS-08062700"
"2225",26476,"USGS-08062500"
"2226",26481,"USGS-08057448"
"2227",26484,"USGS-08057410"
"2228",26486,"USGS-08057055"
"2229",26489,"USGS-08056400"
"2230",26493,"USGS-08063025"
"2231",26590,"USGS-08066000"
"2232",26650,"USGS-08067000"
"2233",26654,"USGS-08066500"
"2234",26690,"USGS-08080500"
"2235",26753,"USGS-08082000"
"2236",26910,"USGS-08088000"
"2237",26974,"USGS-08091000"
"2238",27013,"USGS-08110200"
"2239",27066,"USGS-08098290"
"2240",27114,"USGS-08116650"
"2241",27121,"USGS-08114000"
"2242",27136,"USGS-294617096021200"
"2243",27142,"USGS-08111500"
"2244",27169,"USGS-08147000"
"2245",27199,"USGS-08154510"
"2246",27197,"USGS-08158650"
"2247",27266,"USGS-08160700"
"2248",27305,"USGS-08159200"
"2249",27358,"USGS-08162000"
"2250",27400,"CORIVWCH_WQX-133"
"2251",27400,"USGS-08220000"
"2252",27414,"USGS-374900106545100"
"2253",27423,"21NMEX_WQX-28RGrand711.0"
"2254",27423,"USGS-08251500"
"2255",27431,"CORIVWCH_WQX-143"
"2256",27439,"CORIVWCH_WQX-138"
"2257",27443,"CORIVWCH_WQX-134"
"2258",27451,"CORIVWCH_WQX-137"
"2259",27452,"CORIVWCH_WQX-136"
"2260",27454,"USGS-08313000"
"2261",27458,"21NMEX_WQX-28RGrand565.5"
"2262",27465,"21NMEX_WQX-28RGrand579.7"
"2263",27470,"21NMEX_WQX-28RGrand598.2"
"2264",27474,"USGS-08276500"
"2265",27504,"21NMEX_WQX-28RPuebT000.1"
"2266",27475,"21NMEX_WQX-28RPuebT000.1"
"2267",27475,"21NMEX_WQX-28RGrand622.5"
"2268",27481,"21NMEX_WQX-28RGrand646.0"
"2269",27486,"21NMEX_WQX-28RGrand659.5"
"2270",27506,"USGS-08290000"
"2271",27550,"USGS-08319000"
"2272",27562,"USGS-08313268"
"2273",27569,"USGS-08317400"
"2274",27593,"USGS-08332010"
"2275",27594,"USGS-08354900"
"2276",27650,"USGS-08331000"
"2277",27652,"USGS-345705106405210"
"2278",27652,"USGS-345908106411010"
"2279",27652,"USGS-345956106411210"
"2280",27663,"USGS-08330000"
"2281",27693,"USGS-08362500"
"2282",27709,"USGS-08364000"
"2283",27713,"USGS-323917107055603"
"2284",27715,"USGS-324056107112103"
"2285",27727,"USGS-323410106594403"
"2286",27727,"USGS-323414106594903"
"2287",27731,"USGS-315454106360610"
"2288",27739,"USGS-321317106471510"
"2289",27741,"USGS-321601106494110"
"2290",27742,"USGS-322234106511710"
"2291",27744,"USGS-320122106385510"
"2292",27745,"USGS-320943106425810"
"2293",27746,"USGS-322841106551010"
"2294",27748,"USGS-320648106400510"
"2295",27751,"USGS-321745106492510"
"2296",27764,"USGS-08374200"
"2297",27924,"USGS-08383500"
"2298",27934,"USGS-08383000"
"2299",27945,"USGS-08382650"
"2300",27994,"USGS-08384500"
"2301",28006,"USGS-08396500"
"2302",28025,"USGS-08394033"
"2303",28034,"USGS-332430104235610"
"2304",28035,"USGS-332430104235610"
"2305",28039,"USGS-08386000"
"2306",28051,"USGS-08407500"
"2307",28073,"USGS-08405200"
"2308",28078,"USGS-08407000"
"2309",28079,"USGS-08406500"
"2310",28107,"USGS-08447410"
"2311",28164,"USGS-08450900"
"2312",28266,"USGS-08459200"
"2313",28438,"USGS-393337107175901"
"2314",28439,"USGS-393337107175901"
"2315",28439,"USGS-09071750"
"2316",28448,"USGS-09070500"
"2317",28468,"USGS-395306106415601"
"2318",28477,"USGS-09058030"
"2319",28480,"USGS-09058000"
"2320",28485,"CORIVWCH_WQX-205"
"2321",28491,"CORIVWCH_WQX-507"
"2322",28495,"CORIVWCH_WQX-46"
"2323",28590,"USGS-393259107194801"
"2324",28502,"USGS-09069000"
"2325",28502,"USGS-09070000"
"2326",28502,"USGS-393858106570900"
"2327",28507,"CORIVWCH_WQX-738"
"2328",28508,"CORIVWCH_WQX-686"
"2329",28508,"USGS-393937106485400"
"2330",28514,"USGS-394220106431500"
"2331",28518,"USGS-394129106393300"
"2332",28520,"CORIVWCH_WQX-955"
"2333",28520,"USGS-393850106353500"
"2334",28520,"USGS-393845106353000"
"2335",28526,"USGS-09085000"
"2336",28526,"CORIVWCH_WQX-45"
"2337",28527,"CORIVWCH_WQX-786"
"2338",28529,"CORIVWCH_WQX-784"
"2339",28529,"USGS-392847107171100"
"2340",28533,"CORIVWCH_WQX-780"
"2341",28534,"CORIVWCH_WQX-779"
"2342",28534,"USGS-09081000"
"2343",28537,"CORIVWCH_WQX-774"
"2344",28538,"CORIVWCH_WQX-72"
"2345",28539,"CORIVWCH_WQX-71"
"2346",28559,"USGS-390318108273200"
"2347",28559,"CORIVWCH_WQX-556"
"2348",28561,"USGS-09106150"
"2349",28562,"CORIVWCH_WQX-552"
"2350",28574,"CORIVWCH_WQX-559"
"2351",28586,"USGS-09087600"
"2352",28586,"CORIVWCH_WQX-546"
"2353",28589,"CORIVWCH_WQX-3200"
"2354",28589,"USGS-09085150"
"2355",28590,"USGS-09085100"
"2356",28590,"CORIVWCH_WQX-47"
"2357",28592,"USGS-09106500"
"2358",28592,"CORIVWCH_WQX-560"
"2359",28605,"CORIVWCH_WQX-555"
"2360",28605,"CORIVWCH_WQX-553"
"2361",28607,"USGS-09095500"
"2362",28617,"USGS-390521108373300"
"2363",28621,"CORIVWCH_WQX-550"
"2364",28627,"11NPSWRD_WQX-BLCA_NPS_RRC1"
"2365",28628,"11NPSWRD_WQX-BLCA_NPS_GR08"
"2366",28632,"11NPSWRD_WQX-CURE_NPS_GR01"
"2367",28632,"USGS-09128000"
"2368",28635,"USGS-382720107324000"
"2369",28634,"USGS-382720107324000"
"2370",28636,"11NPSWRD_WQX-CURE_BWQI_GR03"
"2371",28637,"USGS-383103106594200"
"2372",28639,"USGS-09114500"
"2373",28662,"11NPSWRD_WQX-CURE_NPS_GR4A"
"2374",28668,"CORIVWCH_WQX-624"
"2375",28668,"USGS-09152500"
"2376",28675,"USGS-385011108225401"
"2377",28687,"CORIVWCH_WQX-7897"
"2378",28687,"USGS-09144250"
"2379",28689,"USGS-384624107570701"
"2380",28695,"USGS-09137500"
"2381",28699,"CORIVWCH_WQX-258"
"2382",28699,"USGS-384527108152701"
"2383",28700,"USGS-384452108071101"
"2384",28732,"CORIVWCH_WQX-290"
"2385",28747,"USGS-09180000"
"2386",28776,"USGS-09180500"
"2387",28778,"11NPSWRD_WQX-CANY_ERI_C2"
"2388",28779,"USGS-09182880"
"2389",28787,"11NPSWRD_WQX-CANY_ERI_C1"
"2390",28835,"USGS-09211200"
"2391",28842,"USGS-09217000"
"2392",28868,"USGS-09234500"
"2393",28885,"USGS-09217010"
"2394",28962,"USGS-09244490"
"2395",28977,"USGS-402840107004200"
"2396",28983,"CORIVWCH_WQX-409"
"2397",28986,"USGS-09247600"
"2398",28986,"CORIVWCH_WQX-410"
"2399",28992,"CORIVWCH_WQX-504"
"2400",29020,"USGS-09260050"
"2401",29032,"USGS-09251000"
"2402",29066,"USGS-09260000"
"2403",29117,"USGS-09259050"
"2404",29125,"USGS-09306900"
"2405",29150,"USGS-09306500"
"2406",29165,"USGS-400439108523400"
"2407",29168,"CORIVWCH_WQX-763"
"2408",29168,"CORIVWCH_WQX-529"
"2409",29168,"USGS-400535108485700"
"2410",29172,"USGS-09306305"
"2411",29195,"USGS-09261000"
"2412",29204,"952307_WQX-4937020"
"2413",29300,"USGS-09328920"
"2414",29335,"11NPSWRD_WQX-CANY_ERI_G1"
"2415",29343,"11NPSWRD_WQX-GLCA_ERI_C5"
"2416",29350,"11NPSWRD_WQX-CANY_ERI_C4"
"2417",29352,"11NPSWRD_WQX-CANY_ERI_C3"
"2418",29420,"21ARIZ_WQX-CGCLR714.16"
"2419",29452,"USGS-09380000"
"2420",29456,"USGS-09355500"
"2421",29466,"CORIVWCH_WQX-450"
"2422",29513,"USGS-09364500"
"2423",29520,"CORIVWCH_WQX-93"
"2424",29520,"USGS-370907107530401"
"2425",29524,"USGS-371319107515001"
"2426",29525,"USGS-09362510"
"2427",29525,"CORIVWCH_WQX-3590"
"2428",29525,"USGS-09362520"
"2429",29526,"CORIVWCH_WQX-4055"
"2430",29527,"CORIVWCH_WQX-44"
"2431",29527,"CORIVWCH_WQX-91"
"2432",29527,"USGS-09361500"
"2433",29527,"CORIVWCH_WQX-3576"
"2434",29528,"CORIVWCH_WQX-90"
"2435",29528,"CORIVWCH_WQX-3577"
"2436",29528,"USGS-371759107520601"
"2437",29530,"CORIVWCH_WQX-89"
"2438",29532,"CORIVWCH_WQX-88"
"2439",29532,"USGS-372728107475701"
"2440",29534,"USGS-09364010"
"2441",29534,"CORIVWCH_WQX-4128"
"2442",29535,"USGS-09364200"
"2443",29535,"USGS-364716108044810"
"2444",29535,"CORIVWCH_WQX-4136"
"2445",29538,"USGS-365719107525910"
"2446",29539,"USGS-09363500"
"2447",29551,"USGS-09368000"
"2448",29554,"USGS-09367580"
"2449",29554,"USGS-364446108321510"
"2450",29558,"USGS-09365000"
"2451",29635,"USGS-09379500"
"2452",29671,"USGS-09402500"
"2453",29735,"USGS-09404200"
"2454",29766,"USGS-09404120"
"2455",29776,"21ARIZ_WQX-CGMAT000.03"
"2456",29784,"11NPSWRD_WQX-GRCA_NPS_DEER01"
"2457",29794,"21ARIZ_WQX-CGRYA000.05"
"2458",29798,"11NPSWRD_WQX-GRCA_NPS_SHIN01"
"2459",29800,"21ARIZ_WQX-CGSHI000.05"
"2460",29809,"21ARIZ_WQX-CGCRY000.05"
"2461",29882,"USGS-09421500"
"2462",29904,"USGS-09424000"
"2463",29922,"USGS-09423000"
"2464",29924,"21NEV1_WQX-NV13-101-M-001"
"2465",29954,"USGS-09427520"
"2466",29993,"USGS-332203114421201"
"2467",29997,"USGS-332604114373601"
"2468",30026,"USGS-333038114340401"
"2469",30054,"QUECHAN_WQX-CRD04"
"2470",30054,"QUECHAN_WQX-CRR06"
"2471",30054,"USGS-09522000"
"2472",30061,"USGS-09429600"
"2473",30065,"QUECHAN_WQX-CRS02"
"2474",30065,"USGS-324343114364901"
"2475",30066,"21ARIZ_WQX-CLCLR026.80"
"2476",30066,"21ARIZ_WQX-CLCLR029.59"
"2477",30066,"USGS-09521100"
"2478",30142,"USGS-332255112182101"
"2479",30074,"USGS-332242112174701"
"2480",30078,"USGS-09498500"
"2481",30100,"USGS-332301112151501"
"2482",30101,"USGS-332427112100601"
"2483",30101,"USGS-332430112101001"
"2484",30119,"USGS-09502000"
"2485",30175,"USGS-09508500"
"2486",30178,"USGS-09510000"
"2487",30211,"USGS-09518000"
"2488",30211,"21ARIZ_WQX-MGGLR167.44"
"2489",30219,"USGS-09514100"
"2490",30219,"21ARIZ_WQX-MGGLR199.33"
"2491",30225,"21ARIZ_WQX-CLGLR010.53"
"2492",30225,"USGS-09520500"
"2493",30229,"21ARIZ_WQX-CLGLR011.17"
"2494",30229,"21ARIZ_WQX-CLUGL000.01"
"2495",30301,"USGS-12301933"
"2496",30366,"USGS-12334550"
"2497",30394,"USGS-12340000"
"2498",30412,"USGS-12338700"
"2499",30419,"USGS-12337820"
"2500",30425,"USGS-12335100"
"2501",30438,"USGS-12354500"
"2502",30479,"USGS-12353000"
"2503",30483,"USGS-12340500"
"2504",30486,"USGS-12352500"
"2505",30495,"USGS-12351200"
"2506",30506,"USGS-12358500"
"2507",30508,"USGS-12369000"
"2508",30516,"USGS-12363000"
"2509",30549,"1119USBR_WQX-HUN101"
"2510",30549,"USGS-12362500"
"2511",30610,"USGS-12370100"
"2512",30615,"USGS-12370000"
"2513",30649,"USGS-12388700"
"2514",30827,"BUNKER_USGS-SJ-60"
"2515",30827,"USGS-12415135"
"2516",30829,"USGS-12415075"
"2517",30846,"USGS-12414500"
"2518",30859,"BUNKER_USGS-SJ-65"
"2519",30859,"USGS-12415140"
"2520",30862,"USGS-12422000"
"2521",30863,"USGS-12422500"
"2522",30865,"USGS-12420800"
"2523",30868,"USGS-12419500"
"2524",30869,"USGS-12419000"
"2525",30869,"BUNKER_USGS-SR-50"
"2526",30874,"USGS-12417620"
"2527",30893,"USGS-12433000"
"2528",30964,"USGS-12400520"
"2529",31053,"USGS-12447200"
"2530",31153,"USGS-12487000"
"2531",31153,"USGS-12485790"
"2532",31155,"USGS-12485750"
"2533",31155,"1119USBR_WQX-YAV356"
"2534",31156,"USGS-12485550"
"2535",31157,"USGS-12484950"
"2536",31160,"USGS-12484700"
"2537",31163,"USGS-12483590"
"2538",31163,"USGS-12484500"
"2539",31166,"USGS-465748120325200"
"2540",31171,"USGS-12511900"
"2541",31172,"USGS-12511800"
"2542",31177,"USGS-12511520"
"2543",31178,"USGS-12510950"
"2544",31182,"USGS-12510800"
"2545",31186,"1119USBR_WQX-YAV087"
"2546",31190,"USGS-12509900"
"2547",31191,"USGS-12509830"
"2548",31193,"USGS-12509690"
"2549",31193,"USGS-12509489"
"2550",31193,"USGS-461246119454700"
"2551",31195,"USGS-12509050"
"2552",31196,"USGS-12508990"
"2553",31196,"USGS-461404119591800"
"2554",31197,"USGS-12508680"
"2555",31200,"USGS-12508625"
"2556",31201,"USGS-12507585"
"2557",31202,"USGS-12507580"
"2558",31205,"USGS-12507550"
"2559",31209,"USGS-12505435"
"2560",31209,"USGS-12505465"
"2561",31209,"USGS-462013120113700"
"2562",31209,"USGS-12505440"
"2563",31211,"1119USBR_WQX-YAV082"
"2564",31213,"USGS-12505325"
"2565",31214,"USGS-1250532170"
"2566",31214,"USGS-1250532200"
"2567",31214,"USGS-1250532210"
"2568",31215,"USGS-1250532100"
"2569",31215,"USGS-1250532120"
"2570",31215,"USGS-1250532110"
"2571",31216,"USGS-12505300"
"2572",31217,"USGS-12505270"
"2573",31219,"USGS-12505090"
"2574",31219,"USGS-12505085"
"2575",31220,"USGS-12505060"
"2576",31220,"USGS-12505050"
"2577",31220,"USGS-12505040"
"2578",31221,"USGS-12505000"
"2579",31222,"USGS-12503950"
"2580",31223,"USGS-12500450"
"2581",31224,"USGS-463447120275200"
"2582",31226,"USGS-12500005"
"2583",31227,"USGS-12507508"
"2584",31227,"1119USBR_WQX-YAV367"
"2585",31230,"USGS-13013650"
"2586",31239,"11NPSWRD_WQX-GRTE_WM_SRBD"
"2587",31251,"USGS-13022500"
"2588",31301,"USGS-13038500"
"2589",31303,"USGS-13037500"
"2590",31328,"1119USBR_WQX-ISL101"
"2591",31332,"1119USBR_WQX-ISL102"
"2592",31346,"USGS-13056500"
"2593",31358,"USGS-13046023"
"2594",31383,"USGS-13069500"
"2595",31387,"1119USBR_WQX-AFE121"
"2596",31387,"USGS-13060000"
"2597",31427,"1119USBR_WQX-WAL101"
"2598",31428,"USGS-13081500"
"2599",31445,"1119USBR_WQX-AFE123"
"2600",31445,"USGS-13077000"
"2601",31450,"USGS-13153776"
"2602",31455,"USGS-13135000"
"2603",31457,"USGS-13134500"
"2604",31468,"USGS-13093383"
"2605",31472,"USGS-13094000"
"2606",31473,"USGS-13090500"
"2607",31477,"USGS-13090000"
"2608",31483,"USGS-13088000"
"2609",31483,"USGS-13087995"
"2610",31508,"USGS-13154500"
"2611",31549,"USGS-13172500"
"2612",31574,"1119USBR_WQX-OWY101"
"2613",31597,"1119USBR_WQX-OWY108"
"2614",31666,"1119USBR_WQX-EMM010"
"2615",31667,"USGS-13251000"
"2616",31674,"1119USBR_WQX-EMM025"
"2617",31682,"1119USBR_WQX-BLA101"
"2618",32013,"USGS-13302500"
"2619",32134,"USGS-13317000"
"2620",32244,"NEZPERCETRIBE_WQX-01001A"
"2621",32267,"NEZPERCETRIBE_WQX-03801A"
"2622",32296,"NEZPERCETRIBE_WQX-02501A"
"2623",32416,"USGS-460529118564400"
"2624",32467,"USGS-14103000"
"2625",32483,"USGS-14048000"
"2626",32725,"USGS-14233400"
"2627",32694,"USGS-14244200"
"2628",32787,"USGS-443515123110100"
"2629",32788,"USGS-443427123150000"
"2630",32790,"USGS-443207123145500"
"2631",32792,"USGS-442713123123500"
"2632",32796,"USGS-442444123135800"
"2633",32796,"USGS-442445123135800"
"2634",32795,"USGS-442445123135800"
"2635",32797,"USGS-442325123133600"
"2636",32823,"USGS-440707123041300"
"2637",32824,"USGS-440527123012300"
"2638",32825,"USGS-440458122583700"
"2639",32826,"USGS-440418122574500"
"2640",32826,"USGS-440420122574700"
"2641",32826,"USGS-440442122580400"
"2642",32827,"USGS-14164900"
"2643",32842,"USGS-14162500"
"2644",32852,"USGS-14189000"
"2645",32896,"USGS-451602122564400"
"2646",32925,"USGS-14211805"
"2647",32937,"USGS-14144710"
"2648",32994,"USGS-12031000"
"2649",33038,"USGS-14317450"
"2650",33048,"USGS-432034122442500"
"2651",33049,"USGS-432034122440100"
"2652",33052,"USGS-431827123072200"
"2653",33068,"USGS-14312260"
"2654",33070,"USGS-14312251"
"2655",33071,"USGS-14312150"
"2656",33072,"USGS-14312070"
"2657",33074,"USGS-14312005"
"2658",33074,"USGS-14312002"
"2659",33074,"USGS-14312000"
"2660",33075,"USGS-14312010"
"2661",33076,"USGS-14311170"
"2662",33078,"USGS-14311160"
"2663",33079,"USGS-14311140"
"2664",33080,"USGS-14311120"
"2665",33080,"USGS-14311115"
"2666",33082,"USGS-14311110"
"2667",33083,"USGS-14311105"
"2668",33084,"USGS-14310550"
"2669",33087,"USGS-14308910"
"2670",33089,"USGS-14308730"
"2671",33091,"USGS-14308700"
"2672",33092,"USGS-14308600"
"2673",33229,"USGS-14372300"
"2674",33288,"USGS-12200500"
"2675",33395,"USGS-12150800"
"2676",33403,"USGS-11477000"
"2677",33440,"USGS-423050121545700"
"2678",33442,"USGS-423418121523200"
"2679",33442,"USGS-11502500"
"2680",33443,"USGS-421359121480700"
"2681",33448,"USGS-421209121463000"
"2682",33449,"USGS-11507501"
"2683",33450,"USGS-420615121533600"
"2684",33512,"USGS-11509500"
"2685",33451,"USGS-11509370"
"2686",33452,"USGS-421353121480200"
"2687",33452,"USGS-421330121474700"
"2688",33454,"USGS-420853121505500"
"2689",33471,"KARUKDNR_WQX-WA"
"2690",33495,"KARUKDNR_WQX-IG"
"2691",33520,"KARUKDNR_WQX-SV"
"2692",33533,"YUROKTEP_WQX-TC"
"2693",33543,"KARUKDNR_WQX-OR"
"2694",33573,"KARUKDNR_WQX-HC"
"2695",33628,"YUROKTEP_WQX-TR"
"2696",33726,"USGS-11389500"
"2697",33728,"USGS-11447000"
"2698",33733,"USGS-11446500"
"2699",33743,"USGS-384057121103101"
"2700",33762,"USGS-11370500"
"2701",33765,"USGS-403633122264301"
"2702",33770,"USGS-404259122252501"
"2703",33794,"USGS-11377100"
"2704",33834,"USGS-11425000"
"2705",33876,"USGS-383430121302001"
"2706",33883,"USGS-11447650"
"2707",33884,"USGS-372006120571701"
"2708",33887,"USGS-11274000"
"2709",33891,"USGS-11274570"
"2710",33896,"USGS-11274550"
"2711",33904,"USGS-11290500"
"2712",33909,"USGS-373324121090401"
"2713",33915,"USGS-380500121351901"
"2714",33918,"USGS-375944121252301"
"2715",33929,"USGS-380131121280501"
